"ASV","KS_LFC","KS_p","KS_padj","SD_LFC","SD_p","SD_padj","Kingdom","Phylum","Class","Order","Family","Genus","Species"
"ASV_3",1.37461381208244,1.28487026432517e-09,1.00574327586833e-08,2.49819740274183,4.44908002274191e-30,5.88390833007618e-28,"k__Fungi","p__Ascomycota","c__Dothideomycetes","o__Capnodiales","f__Mycosphaerellaceae","g__Mycosphaerella","s__tassiana"
"ASV_4",0.185120544243194,0.444321297130642,0.596810263009798,0.586829286552265,0.0275452349844298,0.0899470944861936,"k__Fungi","p__Ascomycota","c__Dothideomycetes","o__Pleosporales","f__Didymellaceae","g__Epicoccum","s__dendrobii"
"ASV_6",0.273208423517841,0.448837617464552,0.599330230379137,2.80797510616773,2.1487046303849e-37,1.13666474947361e-34,"k__Fungi","p__Ascomycota","c__Dothideomycetes","o__Capnodiales","f__Mycosphaerellaceae","g__Mycosphaerella","s__tassiana"
"ASV_14",0.334100712440211,0.554132093574245,0.676279490544912,1.08598506401326,0.03800779951715,0.114892148254699,"k__Fungi","p__Basidiomycota","c__Tremellomycetes","o__Filobasidiales","f__Filobasidiaceae","g__Filobasidium","s__"
"ASV_16",3.75954616875576,0.000428682217513056,0.00151960981685937,0.0191575383034214,0.951108257983933,0.978009044388611,"k__Fungi","p__Ascomycota","c__Sordariomycetes","o__Hypocreales","f__Nectriaceae","g__Fusarium","s__petersiae"
"ASV_22",7.02288761769782,8.98712667699039e-18,1.63206220454146e-16,2.13538719237016,0.41509917152294,0.697103053129002,"k__Fungi","p__Ascomycota","c__Dothideomycetes","o__Pleosporales","f__Phaeosphaeriaceae","g__Leptospora","s__"
"ASV_25",0.507026064166627,0.796574885024871,0.867254191370004,0.879792519835808,0.00121509842033338,0.00738259001977272,"k__Fungi","p__Basidiomycota","c__Tremellomycetes","o__Tremellales","f__Bulleribasidiaceae","g__Vishniacozyma","s__victoriae"
"ASV_33",1.89486660959513,0.000363109010416799,0.00132350791442836,6.39742619203488,0.0323274691065582,0.101190716907511,"k__Fungi","p__Ascomycota","c__Dothideomycetes","o__Pleosporales","f__Phaeosphaeriaceae","g__","s__"
"ASV_42",8.0980977134748,0.00650968308744171,0.017283018255547,5.08709124780817,3.92744122952999e-16,2.30846267824596e-14,"k__Fungi","p__Basidiomycota","c__Tremellomycetes","o__Cystofilobasidiales","f__Mrakiaceae","g__Udeniomyces","s__puniceus"
"ASV_46",3.38955010605287,0.00478936977964207,0.013258377316814,2.4395385627849,0.00127757252804913,0.00750928741486653,"k__Fungi","p__Ascomycota","c__Dothideomycetes","o__Pleosporales","f__Pleosporaceae","g__Pyrenophora","s__tritici-repentis"
"ASV_52",4.78810108342556,2.23775788740306e-21,4.61791854945905e-20,2.00197998952681,0.401711716435133,0.68772005823361,"k__Fungi","p__Ascomycota","c__Dothideomycetes","o__Pleosporales","f__Phaeosphaeriaceae","g__Paraophiobolus","s__arundinis"
"ASV_69",1.12335021997933,0.374937595259342,0.543839195679685,0.544452832995374,0.190335836995339,0.416064701531133,"k__Fungi","p__Basidiomycota","c__Tremellomycetes","o__Tremellales","f__Bulleribasidiaceae","g__Vishniacozyma","s__carnescens"
"ASV_70",3.00718286009019,0.222477233614135,0.379716782183523,2.42183915485798,2.10615782040394e-07,3.18330710569624e-06,"k__Fungi","p__Ascomycota","c__Dothideomycetes","o__Pleosporales","f__Phaeosphaeriaceae","g__Parastagonospora","s__forlicesenica"
"ASV_110",7.61678937580687,2.38158258396615e-12,2.57437736457293e-11,0.783834221755505,0.269365047374031,0.519412550612501,"k__Fungi","p__Ascomycota","c__Leotiomycetes","o__Helotiales","f__","g__","s__"
"ASV_119",2.28854821008348,0.000306332042647456,0.00114194929827394,9.06409595803762,0.00238242571815216,0.0126030320490249,"k__Fungi","p__Ascomycota","c__Dothideomycetes","o__Pleosporales","f__Phaeosphaeriaceae","g__Phaeosphaeria","s__"
"ASV_155",1.4754042627796,0.399657053619193,0.555976857584976,1.4280367350613,0.0526264160113167,0.144996739947847,"k__Fungi","p__Ascomycota","c__Dothideomycetes","o__Pleosporales","f__Didymellaceae","g__Neoascochyta","s__desmazieri"
"ASV_160",2.68576903431833,0.364888627517531,0.534385280299867,2.8581923662674,0.174991905216891,0.388952596049307,"k__Fungi","p__Ascomycota","c__Dothideomycetes","o__Pleosporales","f__Pleosporaceae","g__Alternaria","s__"
"ASV_165",0.995148073163036,0.072558150377481,0.149733637597165,8.1593668357299,0.00629573767817453,0.0294729666526932,"k__Fungi","p__Ascomycota","c__Dothideomycetes","o__Pleosporales","f__Torulaceae","g__Torula","s__"
"ASV_193",3.79180027724065,0.00460565902473311,0.0129072172668446,1.29281086254703,0.664708240467023,0.855549049165584,"k__Fungi","p__Ascomycota","c__Sordariomycetes","o__Hypocreales","f__Nectriaceae","g__Fusarium","s__"
"ASV_211",7.01783516846617,0.00713561701969431,0.0188347100403559,0.375392916486585,0.536569037017326,0.765080918011227,"k__Fungi","p__Ascomycota","c__Dothideomycetes","o__Pleosporales","f__","g__","s__"
"ASV_235",3.41866992415478,0.134991098316079,0.250146769940816,0.974479473593677,0.198299888544944,0.422653757709055,"k__Fungi","p__Basidiomycota","c__Tremellomycetes","o__Tremellales","f__Bulleribasidiaceae","g__Vishniacozyma","s__victoriae"
"ASV_244",6.85944335148443,1.55135940829993e-07,9.40664483830745e-07,6.44771585111485,0.031026549170684,0.0994729970381324,"k__Fungi","p__Ascomycota","c__Dothideomycetes","o__Capnodiales","f__Mycosphaerellaceae","g__","s__"
"ASV_369",1.08310374727145,0.535988774095696,0.661050401284596,1.6742695799105,0.314335368338653,0.589657481741658,"k__Fungi","p__Ascomycota","c__Dothideomycetes","o__Pleosporales","f__Lentitheciaceae","g__Keissleriella","s__caraganae"
"ASV_418",2.15830972197237,0.467348088583733,0.616790791328532,2.05742936540819,0.0317441141654156,0.100489065567854,"k__Fungi","p__Ascomycota","c__Dothideomycetes","o__Pleosporales","f__Phaeosphaeriaceae","g__Phaeosphaeria","s__juncicola"
"ASV_419",10.9558861295824,0.000223698735521993,0.000868027572025512,4.95491977278436,0.096718408227062,0.238547365788945,"k__Fungi","p__Ascomycota","c__Dothideomycetes","o__Pleosporales","f__Leptosphaeriaceae","g__Alternariaster","s__centaureae-diffusae"
"ASV_421",5.38790040783762,3.82793494620044e-08,2.51867023996377e-07,0.0370895040193719,0.990083368380161,0.993840800518227,"k__Fungi","p__Ascomycota","c__Dothideomycetes","o__Pleosporales","f__Phaeosphaeriaceae","g__Paraphoma","s__rhaphiolepidis"
"ASV_455",0.465543999267775,0.875399275476959,0.922114318019812,0.467870102867137,0.875030146859837,0.958366351322679,"k__Fungi","p__Ascomycota","c__Dothideomycetes","o__Pleosporales","f__Pleosporaceae","g__Bipolaris","s__"
"ASV_568",10.5598908495045,0.000379504173485134,0.00135665271466339,0.126323414670159,0.966249822514984,0.979871302083018,"k__Fungi","p__Ascomycota","c__Dothideomycetes","o__Pleosporales","f__","g__","s__"
"ASV_617",1.28496247167564,0.665796889942592,0.757573403593826,1.36452385331205,0.439064940415195,0.70699725824326,"k__Fungi","p__Ascomycota","c__Sordariomycetes","o__Hypocreales","f__","g__Sarocladium","s__bactrocephalum"
