"from","to","rho","p","q","edge_sign"
"ASV_11","ASV_17",1,0,0,"Positive"
"ASV_11","ASV_24",1,0,0,"Positive"
"ASV_17","ASV_24",1,0,0,"Positive"
"ASV_11","ASV_29",1,0,0,"Positive"
"ASV_17","ASV_29",1,0,0,"Positive"
"ASV_24","ASV_29",1,0,0,"Positive"
"ASV_11","ASV_34",1,0,0,"Positive"
"ASV_17","ASV_34",1,0,0,"Positive"
"ASV_24","ASV_34",1,0,0,"Positive"
"ASV_29","ASV_34",1,0,0,"Positive"
"ASV_56","ASV_59",0.602625833114414,0.00183009676388934,0.0348217502438218,"Positive"
"ASV_11","ASV_65",0.659505108208996,0.000455442957357111,0.0126257233079263,"Positive"
"ASV_17","ASV_65",0.659505108208996,0.000455442957357111,0.0126257233079263,"Positive"
"ASV_18","ASV_65",0.834297687626513,4.051897504187e-07,4.03839117917304e-05,"Positive"
"ASV_24","ASV_65",0.659505108208996,0.000455442957357111,0.0126257233079263,"Positive"
"ASV_29","ASV_65",0.659505108208996,0.000455442957357111,0.0126257233079263,"Positive"
"ASV_34","ASV_65",0.659505108208996,0.000455442957357111,0.0126257233079263,"Positive"
"ASV_63","ASV_66",0.690508876001598,0.00018786159112727,0.00741876057036557,"Positive"
"ASV_23","ASV_74",0.647541770720304,0.000624500310989706,0.0162370080857324,"Positive"
"ASV_54","ASV_74",0.602625833114414,0.00183009676388934,0.0348217502438218,"Positive"
"ASV_62","ASV_74",0.807297141786168,1.86481221420287e-06,0.000150117383243331,"Positive"
"ASV_51","ASV_75",0.772680412371134,9.64323363628061e-06,0.000640739301610645,"Positive"
"ASV_62","ASV_75",0.641053168304284,0.000737051273637768,0.0180363723062925,"Positive"
"ASV_63","ASV_85",0.673608309106454,0.000308317307933903,0.0113999511593085,"Positive"
"ASV_11","ASV_87",1,0,0,"Positive"
"ASV_17","ASV_87",1,0,0,"Positive"
"ASV_24","ASV_87",1,0,0,"Positive"
"ASV_29","ASV_87",1,0,0,"Positive"
"ASV_34","ASV_87",1,0,0,"Positive"
"ASV_65","ASV_87",0.659505108208996,0.000455442957357111,0.0126257233079263,"Positive"
"ASV_62","ASV_91",0.646709519789322,0.000638050509110366,0.0164869100687407,"Positive"
"ASV_75","ASV_91",0.725257731958763,6.07826380076837e-05,0.00306234658177784,"Positive"
"ASV_62","ASV_100",0.61147496771205,0.0014995685333552,0.0321907378493583,"Positive"
"ASV_74","ASV_100",0.758595818049816,1.73893664801028e-05,0.00111987520131862,"Positive"
"ASV_78","ASV_100",0.659505108208996,0.000455442957357111,0.0126257233079263,"Positive"
"ASV_47","ASV_103",0.699668358139238,0.000141657729639366,0.00581352212029791,"Positive"
"ASV_70","ASV_107",0.722315118514615,6.73043204786339e-05,0.00306234658177784,"Positive"
"ASV_88","ASV_111",0.746844098985412,2.76205990652478e-05,0.00172566906995713,"Positive"
"ASV_94","ASV_112",1,0,0,"Positive"
"ASV_23","ASV_114",0.672750121052715,0.000315908823334876,0.0113999511593085,"Positive"
"ASV_30","ASV_114",0.66868535272509,0.000354113544959178,0.0123526608266593,"Positive"
"ASV_107","ASV_121",0.791715385989621,4.05688181759345e-06,0.000273904956265261,"Positive"
"ASV_70","ASV_123",1,0,0,"Positive"
"ASV_107","ASV_123",0.722315118514615,6.73043204786339e-05,0.00306234658177784,"Positive"
"ASV_100","ASV_124",0.798023875121013,2.98551019817239e-06,0.000223166887313386,"Positive"
"ASV_51","ASV_125",0.712886597938144,9.25227277570606e-05,0.0040343764415735,"Positive"
"ASV_107","ASV_125",0.639369293419814,0.000768968238924916,0.0184994313111477,"Positive"
"ASV_23","ASV_132",0.653931985562938,0.000528482365556027,0.0145541261987995,"Positive"
"ASV_62","ASV_132",0.800906926943533,2.58588219526068e-06,0.000200453756840022,"Positive"
"ASV_74","ASV_132",0.992105263157895,0,0,"Positive"
"ASV_100","ASV_132",0.834297687626513,4.051897504187e-07,4.03839117917304e-05,"Positive"
"ASV_124","ASV_132",0.65,0.000585917475763198,0.0155231047692705,"Positive"
"ASV_94","ASV_133",1,0,0,"Positive"
"ASV_112","ASV_133",1,0,0,"Positive"
"ASV_55","ASV_137",0.651962954317639,0.00055660418940251,0.0152283995871824,"Positive"
"ASV_63","ASV_140",0.601803155522164,0.00186375933314453,0.0353017944277964,"Positive"
"ASV_137","ASV_140",0.700476472441747,0.000138105209154915,0.00572384559923242,"Positive"
"ASV_54","ASV_146",0.602625833114414,0.00183009676388934,0.0348217502438218,"Positive"
"ASV_23","ASV_149",0.694827586206897,0.000164657349097208,0.00662745830116263,"Positive"
"ASV_74","ASV_149",0.705053704304015,0.00011941498516177,0.0050492033119916,"Positive"
"ASV_124","ASV_149",0.737004778517188,3.99398009189866e-05,0.00242301458908519,"Positive"
"ASV_132","ASV_149",0.709313847532438,0.000104046903085298,0.00444428914607199,"Positive"
"ASV_78","ASV_150",1,0,0,"Positive"
"ASV_100","ASV_150",0.659505108208996,0.000455442957357111,0.0126257233079263,"Positive"
"ASV_51","ASV_158",0.66340206185567,0.000409719978335943,0.0126257233079263,"Positive"
"ASV_71","ASV_158",0.665564024739448,0.000386112764491076,0.0126257233079263,"Positive"
"ASV_85","ASV_158",0.641053168304284,0.000737051273637768,0.0180363723062925,"Positive"
"ASV_125","ASV_158",0.714948453608247,8.63943786928445e-05,0.0038068091495605,"Positive"
"ASV_51","ASV_163",0.714948453608247,8.63943786928445e-05,0.0038068091495605,"Positive"
"ASV_63","ASV_163",0.634101952250719,0.000876618034898247,0.0207317688931303,"Positive"
"ASV_75","ASV_163",0.714948453608247,8.63943786928445e-05,0.0038068091495605,"Positive"
"ASV_91","ASV_163",0.744845360824742,2.98088214885084e-05,0.00183499598163083,"Positive"
"ASV_125","ASV_163",0.641752577319588,0.000724133948422745,0.0180363723062925,"Positive"
"ASV_36","ASV_167",0.602625833114414,0.00183009676388934,0.0348217502438218,"Positive"
"ASV_51","ASV_167",0.826924168904104,6.30707202020631e-07,5.28028069531672e-05,"Positive"
"ASV_59","ASV_167",0.61578947368421,0.00135788797685632,0.0303963586690939,"Positive"
"ASV_125","ASV_167",0.882828901449733,1.134677107828e-08,1.31937732593555e-06,"Positive"
"ASV_158","ASV_167",0.817606713479832,1.07216459532822e-06,8.80015881577239e-05,"Positive"
"ASV_137","ASV_174",0.736183940588619,4.11580069992201e-05,0.00246124881855336,"Positive"
"ASV_140","ASV_174",0.645256939074669,0.000662309135634809,0.016802582071317,"Positive"
"ASV_63","ASV_177",0.650252341081622,0.000582076049641334,0.0155231047692705,"Positive"
"ASV_74","ASV_177",0.610526315789474,0.00153236113396771,0.0325607294760854,"Positive"
"ASV_75","ASV_177",0.791983711063085,4.00516042353694e-06,0.000273904956265261,"Positive"
"ASV_78","ASV_177",0.602625833114414,0.00183009676388934,0.0348217502438218,"Positive"
"ASV_140","ASV_177",0.650252341081622,0.000582076049641334,0.0155231047692705,"Positive"
"ASV_150","ASV_177",0.602625833114414,0.00183009676388934,0.0348217502438218,"Positive"
"ASV_51","ASV_182",0.637628865979381,0.000803201716857549,0.0191034226520778,"Positive"
"ASV_107","ASV_182",0.735693488280004,4.19013851384875e-05,0.00247041124210857,"Positive"
"ASV_125","ASV_182",0.985567010309278,0,0,"Positive"
"ASV_158","ASV_182",0.647938144329897,0.000618134636803491,0.0161719474353713,"Positive"
"ASV_163","ASV_182",0.65,0.000585917475763198,0.0155231047692705,"Positive"
"ASV_167","ASV_182",0.794313074919153,3.58018591350984e-06,0.000258390659206072,"Positive"
"ASV_63","ASV_188",0.623711397320791,0.00112742890072082,0.026365460214622,"Positive"
"ASV_85","ASV_188",0.801724137931034,2.48162395966034e-06,0.000196001469719588,"Positive"
"ASV_140","ASV_188",0.686484931502754,0.00021199762200963,0.00829366397880664,"Positive"
"ASV_158","ASV_188",0.672163101471992,0.00032119462241087,0.0114916298240333,"Positive"
"ASV_177","ASV_188",0.649671842334515,0.000590945817451782,0.0155578565525356,"Positive"
"ASV_100","ASV_190",0.722315118514615,6.73043204786339e-05,0.00306234658177784,"Positive"
"ASV_124","ASV_190",0.602625833114414,0.00183009676388934,0.0348217502438218,"Positive"
"ASV_132","ASV_190",0.602625833114414,0.00183009676388934,0.0348217502438218,"Positive"
"ASV_36","ASV_201",0.722315118514615,6.73043204786339e-05,0.00306234658177784,"Positive"
"ASV_66","ASV_201",0.616581230490439,0.0013331741205953,0.0303963586690939,"Positive"
"ASV_75","ASV_201",0.604469222818296,0.00175654674724224,0.0348217502438218,"Positive"
"ASV_78","ASV_201",0.659505108208996,0.000455442957357111,0.0126257233079263,"Positive"
"ASV_85","ASV_201",0.614028099101244,0.00141427818309259,0.0313899661596316,"Positive"
"ASV_150","ASV_201",0.659505108208996,0.000455442957357111,0.0126257233079263,"Positive"
"ASV_177","ASV_201",0.831143443060818,4.90887142934326e-07,4.19357873535325e-05,"Positive"
"ASV_114","ASV_218",0.722315118514615,6.73043204786339e-05,0.00306234658177784,"Positive"
"ASV_54","ASV_230",0.659505108208996,0.000455442957357111,0.0126257233079263,"Positive"
"ASV_62","ASV_230",0.640835978687785,0.000741102732126686,0.0180363723062925,"Positive"
"ASV_74","ASV_230",0.831143443060818,4.90887142934326e-07,4.19357873535325e-05,"Positive"
"ASV_132","ASV_230",0.798023875121013,2.98551019817239e-06,0.000223166887313386,"Positive"
"ASV_149","ASV_230",0.616581230490439,0.0013331741205953,0.0303963586690939,"Positive"
"ASV_190","ASV_230",0.722315118514615,6.73043204786339e-05,0.00306234658177784,"Positive"
"ASV_78","ASV_233",1,0,0,"Positive"
"ASV_100","ASV_233",0.659505108208996,0.000455442957357111,0.0126257233079263,"Positive"
"ASV_150","ASV_233",1,0,0,"Positive"
"ASV_177","ASV_233",0.602625833114414,0.00183009676388934,0.0348217502438218,"Positive"
"ASV_201","ASV_233",0.659505108208996,0.000455442957357111,0.0126257233079263,"Positive"
"ASV_36","ASV_234",0.659505108208996,0.000455442957357111,0.0126257233079263,"Positive"
"ASV_88","ASV_234",0.616581230490439,0.0013331741205953,0.0303963586690939,"Positive"
"ASV_88","ASV_235",0.709313847532438,0.000104046903085298,0.00444428914607199,"Positive"
"ASV_109","ASV_235",0.602625833114414,0.00183009676388934,0.0348217502438218,"Positive"
"ASV_114","ASV_247",0.659505108208996,0.000455442957357111,0.0126257233079263,"Positive"
"ASV_118","ASV_247",0.659505108208996,0.000455442957357111,0.0126257233079263,"Positive"
"ASV_54","ASV_249",0.602625833114414,0.00183009676388934,0.0348217502438218,"Positive"
"ASV_63","ASV_249",0.638321105465446,0.000789431649435679,0.0188832050545014,"Positive"
"ASV_74","ASV_249",0.621052631578947,0.00120071123563159,0.0279232068464102,"Positive"
"ASV_91","ASV_249",0.83158289661624,4.78051759067455e-07,4.19357873535325e-05,"Positive"
"ASV_146","ASV_249",0.681578947368421,0.000245043846589965,0.00932503219841449,"Positive"
"ASV_177","ASV_249",0.610526315789474,0.00153236113396771,0.0325607294760854,"Positive"
"ASV_51","ASV_261",0.639369293419814,0.000768968238924916,0.0184994313111477,"Positive"
"ASV_54","ASV_261",0.722315118514615,6.73043204786339e-05,0.00306234658177784,"Positive"
"ASV_70","ASV_261",0.659505108208996,0.000455442957357111,0.0126257233079263,"Positive"
"ASV_123","ASV_261",0.659505108208996,0.000455442957357111,0.0126257233079263,"Positive"
"ASV_88","ASV_299",0.61147496771205,0.0014995685333552,0.0321907378493583,"Positive"
"ASV_94","ASV_299",0.722315118514615,6.73043204786339e-05,0.00306234658177784,"Positive"
"ASV_106","ASV_299",0.672750121052715,0.000315908823334876,0.0113999511593085,"Positive"
"ASV_109","ASV_299",0.659505108208996,0.000455442957357111,0.0126257233079263,"Positive"
"ASV_112","ASV_299",0.722315118514615,6.73043204786339e-05,0.00306234658177784,"Positive"
"ASV_133","ASV_299",0.722315118514615,6.73043204786339e-05,0.00306234658177784,"Positive"
"ASV_235","ASV_299",0.831143443060818,4.90887142934326e-07,4.19357873535325e-05,"Positive"
"ASV_33","ASV_301",0.616447173502455,0.00133733126958391,0.0303963586690939,"Positive"
"ASV_51","ASV_301",0.854876535176919,1.04237540821117e-07,1.14825880493999e-05,"Positive"
"ASV_56","ASV_301",0.602625833114414,0.00183009676388934,0.0348217502438218,"Positive"
"ASV_59","ASV_301",0.681578947368421,0.000245043846589965,0.00932503219841449,"Positive"
"ASV_62","ASV_301",0.696533417847169,0.000156206028804728,0.00634833433569508,"Positive"
"ASV_167","ASV_301",0.61578947368421,0.00135788797685632,0.0303963586690939,"Positive"
"ASV_261","ASV_301",0.755441573484121,1.97379231001715e-05,0.00125186281965633,"Positive"
"ASV_56","ASV_302",1,0,0,"Positive"
"ASV_59","ASV_302",0.602625833114414,0.00183009676388934,0.0348217502438218,"Positive"
"ASV_301","ASV_302",0.602625833114414,0.00183009676388934,0.0348217502438218,"Positive"
"ASV_109","ASV_307",0.602625833114414,0.00183009676388934,0.0348217502438218,"Positive"
"ASV_137","ASV_307",0.613936255117624,0.00141727271958203,0.0313899661596316,"Positive"
"ASV_174","ASV_307",0.632663542409974,0.000908177020319645,0.0213574663317867,"Positive"
"ASV_235","ASV_307",0.681578947368421,0.000245043846589965,0.00932503219841449,"Positive"
"ASV_299","ASV_307",0.831143443060818,4.90887142934326e-07,4.19357873535325e-05,"Positive"
"ASV_36","ASV_340",0.659505108208996,0.000455442957357111,0.0126257233079263,"Positive"
"ASV_55","ASV_340",0.674269364021332,0.000302578177247659,0.0113088593746312,"Positive"
"ASV_66","ASV_340",0.640835978687785,0.000741102732126686,0.0180363723062925,"Positive"
"ASV_106","ASV_340",0.645942241466174,0.000650766964844784,0.0166104299685382,"Positive"
"ASV_109","ASV_340",0.722315118514615,6.73043204786339e-05,0.00306234658177784,"Positive"
"ASV_114","ASV_341",0.659505108208996,0.000455442957357111,0.0126257233079263,"Positive"
"ASV_118","ASV_341",0.659505108208996,0.000455442957357111,0.0126257233079263,"Positive"
"ASV_247","ASV_341",1,0,0,"Positive"
"ASV_33","ASV_348",0.61247009496373,0.001465816244405,0.031792263207665,"Positive"
"ASV_51","ASV_348",0.847888443608715,1.68983493420427e-07,1.81375616271258e-05,"Positive"
"ASV_59","ASV_348",0.678947368421053,0.000264551357584297,0.00997668453016098,"Positive"
"ASV_62","ASV_348",0.694403346232957,0.000166820135088841,0.00665056271887513,"Positive"
"ASV_70","ASV_348",0.602625833114414,0.00183009676388934,0.0348217502438218,"Positive"
"ASV_123","ASV_348",0.602625833114414,0.00183009676388934,0.0348217502438218,"Positive"
"ASV_167","ASV_348",0.613157894736842,0.00144286945126271,0.0314575600155505,"Positive"
"ASV_261","ASV_348",0.791715385989621,4.05688181759345e-06,0.000273904956265261,"Positive"
"ASV_301","ASV_348",0.997368421052632,0,0,"Positive"
"ASV_100","ASV_358",0.722315118514615,6.73043204786339e-05,0.00306234658177784,"Positive"
"ASV_124","ASV_358",0.602625833114414,0.00183009676388934,0.0348217502438218,"Positive"
"ASV_132","ASV_358",0.602625833114414,0.00183009676388934,0.0348217502438218,"Positive"
"ASV_190","ASV_358",1,0,0,"Positive"
"ASV_230","ASV_358",0.722315118514615,6.73043204786339e-05,0.00306234658177784,"Positive"
"ASV_94","ASV_396",1,0,0,"Positive"
"ASV_112","ASV_396",1,0,0,"Positive"
"ASV_133","ASV_396",1,0,0,"Positive"
"ASV_299","ASV_396",0.722315118514615,6.73043204786339e-05,0.00306234658177784,"Positive"
"ASV_23","ASV_398",0.672750121052715,0.000315908823334876,0.0113999511593085,"Positive"
"ASV_30","ASV_398",0.66868535272509,0.000354113544959178,0.0123526608266593,"Positive"
"ASV_114","ASV_398",1,0,0,"Positive"
"ASV_218","ASV_398",0.722315118514615,6.73043204786339e-05,0.00306234658177784,"Positive"
"ASV_247","ASV_398",0.659505108208996,0.000455442957357111,0.0126257233079263,"Positive"
"ASV_341","ASV_398",0.659505108208996,0.000455442957357111,0.0126257233079263,"Positive"
"ASV_36","ASV_471",0.722315118514615,6.73043204786339e-05,0.00306234658177784,"Positive"
"ASV_55","ASV_471",0.665893347076968,0.000382622375766362,0.0126257233079263,"Positive"
"ASV_66","ASV_471",0.645942241466174,0.000650766964844784,0.0166104299685382,"Positive"
"ASV_106","ASV_471",0.640835978687785,0.000741102732126686,0.0180363723062925,"Positive"
"ASV_109","ASV_471",0.659505108208996,0.000455442957357111,0.0126257233079263,"Positive"
"ASV_340","ASV_471",0.996219281663516,0,0,"Positive"
"ASV_59","ASV_473",0.613157894736842,0.00144286945126271,0.0314575600155505,"Positive"
"ASV_71","ASV_473",0.67097255847663,0.000332151147579562,0.0117829212183733,"Positive"
"ASV_107","ASV_473",0.831143443060818,4.90887142934326e-07,4.19357873535325e-05,"Positive"
"ASV_121","ASV_473",0.65,0.000585917475763198,0.0155231047692705,"Positive"
"ASV_125","ASV_473",0.794313074919153,3.58018591350984e-06,0.000258390659206072,"Positive"
"ASV_182","ASV_473",0.859535262889054,7.44774373284685e-08,8.42601493667484e-06,"Positive"
"ASV_301","ASV_473",0.613157894736842,0.00144286945126271,0.0314575600155505,"Positive"
"ASV_348","ASV_473",0.61578947368421,0.00135788797685632,0.0303963586690939,"Positive"
"ASV_70","ASV_480",0.659505108208996,0.000455442957357111,0.0126257233079263,"Positive"
"ASV_116","ASV_480",0.758595818049816,1.73893664801028e-05,0.00111987520131862,"Positive"
"ASV_123","ASV_480",0.659505108208996,0.000455442957357111,0.0126257233079263,"Positive"
"ASV_218","ASV_480",0.722315118514615,6.73043204786339e-05,0.00306234658177784,"Positive"
"ASV_33","ASV_482",0.604515937886279,0.00175471612635758,0.0348217502438218,"Positive"
"ASV_51","ASV_482",0.845559079752647,1.9746298596246e-07,2.06645014809714e-05,"Positive"
"ASV_59","ASV_482",0.644736842105263,0.000671186348242259,0.0169252171912174,"Positive"
"ASV_62","ASV_482",0.700793561075592,0.000136732682008756,0.00572363006888651,"Positive"
"ASV_70","ASV_482",0.602625833114414,0.00183009676388934,0.0348217502438218,"Positive"
"ASV_123","ASV_482",0.602625833114414,0.00183009676388934,0.0348217502438218,"Positive"
"ASV_261","ASV_482",0.831143443060818,4.90887142934326e-07,4.19357873535325e-05,"Positive"
"ASV_301","ASV_482",0.992105263157895,0,0,"Positive"
"ASV_348","ASV_482",0.997368421052632,0,0,"Positive"
"ASV_78","ASV_496",0.722315118514615,6.73043204786339e-05,0.00306234658177784,"Positive"
"ASV_109","ASV_496",0.659505108208996,0.000455442957357111,0.0126257233079263,"Positive"
"ASV_150","ASV_496",0.722315118514615,6.73043204786339e-05,0.00306234658177784,"Positive"
"ASV_233","ASV_496",0.722315118514615,6.73043204786339e-05,0.00306234658177784,"Positive"
"ASV_235","ASV_496",0.791715385989621,4.05688181759345e-06,0.000273904956265261,"Positive"
