"name","Kingdom","Phylum","Class","Order","Family","Genus","mean_relative_abundance","degree","betweenness","normalized_degree","module"
"ASV_36","Bacteria","Actinobacteriota","Actinobacteria","Micrococcales","Microbacteriaceae","Microbacterium",0.000261233019853709,5,411.310617510728,0.0609756097560976,3
"ASV_74","Bacteria","Proteobacteria","Gammaproteobacteria","Burkholderiales","Oxalobacteraceae","Massilia",0.00982325746740305,9,392.988423761842,0.109756097560976,1
"ASV_177","Bacteria","Firmicutes","Bacilli","Bacillales","Bacillaceae","Bacillus",0.00270956808650118,10,364.735817892435,0.121951219512195,7
"ASV_167","Bacteria","Proteobacteria","Gammaproteobacteria","Burkholderiales","Oxalobacteraceae","Massilia",0.00230721049485104,8,364.569320502815,0.0975609756097561,4
"ASV_62","Bacteria","Proteobacteria","Gammaproteobacteria","Burkholderiales","Oxalobacteraceae","Massilia",0.0160417075743579,9,355.921809975191,0.109756097560976,1
"ASV_23","Bacteria","Proteobacteria","Gammaproteobacteria","Enterobacterales","Enterobacteriaceae",NA,0.0250379266562637,5,353.275,0.0609756097560976,1
"ASV_100","Bacteria","Proteobacteria","Gammaproteobacteria","Burkholderiales","Oxalobacteraceae","Massilia",0.00527341371331141,9,297.659073004382,0.109756097560976,1
"ASV_299","Bacteria","Proteobacteria","Gammaproteobacteria","Xanthomonadales","Xanthomonadaceae","Stenotrophomonas",0.00199251346754245,9,292.188888888889,0.109756097560976,3
"ASV_348","Bacteria","Proteobacteria","Gammaproteobacteria","Burkholderiales","Methylophilaceae","Methylotenera",0.000609767766922891,11,246.149049580829,0.134146341463415,4
"ASV_496","Bacteria","Actinobacteriota","Actinobacteria","Micrococcales",NA,NA,0.000138127972442563,5,239.965703565729,0.0609756097560976,7
"ASV_301","Bacteria","Bacteroidota","Bacteroidia","Cytophagales","Spirosomaceae","Fibrella",0.000505083771484808,11,204.700872154391,0.134146341463415,4
"ASV_201","Bacteria","Firmicutes","Bacilli","Bacillales","Bacillaceae","Bacillus",0.00196686416150214,8,182.095492281554,0.0975609756097561,7
"ASV_109","Bacteria","Bacteroidota","Bacteroidia","Cytophagales","Hymenobacteraceae","Hymenobacter",0.000370135363790186,6,178.89401147714,0.0731707317073171,3
"ASV_140","Bacteria","Firmicutes","Bacilli","Bacillales","Bacillaceae","Bacillus",0.0055271730380548,5,176.249697485236,0.0609756097560976,3
"ASV_480","Bacteria","Actinobacteriota","Actinobacteria","Micrococcales",NA,NA,0.00303387248007501,4,164.317135642136,0.048780487804878,4
"ASV_114","Bacteria","Proteobacteria","Gammaproteobacteria","Enterobacterales","Enterobacteriaceae","Cedecea",0.00941655801825293,6,155.392658730159,0.0731707317073171,6
"ASV_398","Bacteria","Proteobacteria","Gammaproteobacteria","Enterobacterales",NA,NA,0.00711049543676662,6,155.392658730159,0.0731707317073171,6
"ASV_132","Bacteria","Proteobacteria","Gammaproteobacteria","Burkholderiales","Oxalobacteraceae","Massilia",0.00589335424405702,9,144.75502240324,0.109756097560976,1
"ASV_340","Bacteria","Proteobacteria","Alphaproteobacteria","Rhizobiales","Devosiaceae","Devosia",0.00122853557454468,6,140.676914201798,0.0731707317073171,3
"ASV_471","Bacteria","Bacteroidota","Bacteroidia","Sphingobacteriales","Sphingobacteriaceae","Sphingobacterium",0.000709108413029295,6,140.676914201798,0.0731707317073171,3
"ASV_63","Bacteria","Firmicutes","Bacilli","Bacillales","Planococcaceae","Domibacillus",0.025483284708961,7,138.705139524014,0.0853658536585366,7
"ASV_51","Bacteria","Firmicutes","Bacilli","Paenibacillales","Paenibacillaceae","Paenibacillus",0.0145818872783129,10,124.993114456888,0.121951219512195,4
"ASV_235","Bacteria","Proteobacteria","Gammaproteobacteria","Burkholderiales","Oxalobacteraceae","Noviherbaspirillum",0.00290490998651198,5,120.906644819893,0.0609756097560976,3
"ASV_158","Bacteria","Firmicutes","Bacilli","Paenibacillales","Paenibacillaceae","Paenibacillus",0.00280682454423718,7,108.868604741579,0.0853658536585366,7
"ASV_88","Bacteria","Actinobacteriota","Actinobacteria","Micrococcales","Intrasporangiaceae",NA,0.0165861660986054,4,107.838040726239,0.048780487804878,3
"ASV_123","Bacteria","Proteobacteria","Gammaproteobacteria","Pseudomonadales","Pseudomonadaceae","Pseudomonas",0.000156274417877793,6,105.602633477633,0.0731707317073171,4
"ASV_70","Bacteria","Proteobacteria","Gammaproteobacteria","Enterobacterales","Erwiniaceae","Pantoea",0.00378965463353649,6,105.602633477633,0.0731707317073171,4
"ASV_249","Bacteria","Proteobacteria","Gammaproteobacteria","Burkholderiales","Oxalobacteraceae",NA,0.00150971076119514,6,101.551658022384,0.0731707317073171,1
"ASV_150","Bacteria","Proteobacteria","Gammaproteobacteria","Burkholderiales","Oxalobacteraceae",NA,0.00119352088661552,6,101.056873405901,0.0731707317073171,7
"ASV_233","Bacteria","Proteobacteria","Gammaproteobacteria","Burkholderiales","Oxalobacteraceae","Massilia",0.000298380221653879,6,101.056873405901,0.0731707317073171,7
"ASV_78","Bacteria","Proteobacteria","Gammaproteobacteria","Burkholderiales","Oxalobacteraceae",NA,0.000852514919011083,6,101.056873405901,0.0731707317073171,7
"ASV_75","Bacteria","Firmicutes","Bacilli","Paenibacillales","Paenibacillaceae","Paenibacillus",0.00675108138242365,6,98.4582559259051,0.0731707317073171,7
"ASV_473","Bacteria","Bacteroidota","Bacteroidia","Sphingobacteriales","Sphingobacteriaceae",NA,0.000443903426780091,8,92.5947430200538,0.0975609756097561,4
"ASV_234","Bacteria","Actinobacteriota","Actinobacteria","Micrococcales","Micrococcaceae","Arthrobacter",0.00569662138627656,2,91.1444121326109,0.024390243902439,3
"ASV_66","Bacteria","Firmicutes","Bacilli","Bacillales","Planococcaceae","Domibacillus",0.0222606018498265,4,88.5952651984073,0.048780487804878,3
"ASV_482","Bacteria","Firmicutes","Bacilli","Paenibacillales","Paenibacillaceae","Paenibacillus",0.000325311264104169,9,84.5660834530995,0.109756097560976,4
"ASV_218","Bacteria","Proteobacteria","Alphaproteobacteria","Sphingomonadales","Sphingomonadaceae","Sphingomonas",0.00875,3,80.3088023088023,0.0365853658536585,6
"ASV_261","Bacteria","Proteobacteria","Gammaproteobacteria","Enterobacterales",NA,NA,0.000266599890021212,7,72.7906293261126,0.0853658536585366,4
"ASV_163","Bacteria","Firmicutes","Bacilli","Paenibacillales","Paenibacillaceae","Paenibacillus",0.00336304422879446,6,72.5966511112433,0.0731707317073171,7
"ASV_188","Bacteria","Firmicutes","Bacilli","Bacillales","Bacillaceae","Bacillus",0.00326769142411808,5,67.971780579852,0.0609756097560976,7
"ASV_107","Bacteria","Proteobacteria","Gammaproteobacteria","Burkholderiales","Oxalobacteraceae","Massilia",0.00483802020335579,6,65.3141947424556,0.0731707317073171,4
"ASV_54","Bacteria","Actinobacteriota","Actinobacteria","Micrococcales","Microbacteriaceae","Rathayibacter",0.00398179749715586,5,64.9935098996454,0.0609756097560976,1
"ASV_106","Bacteria","Actinobacteriota","Actinobacteria","Micrococcales","Microbacteriaceae","Microbacterium",0.00131999694797633,3,63.8048915887425,0.0365853658536585,3
"ASV_307","Bacteria","Actinobacteriota","Actinobacteria","Corynebacteriales","Nocardiaceae","Rhodococcus",0.00238520169413575,5,61.7851365027403,0.0609756097560976,3
"ASV_137","Bacteria","Actinobacteriota","Actinobacteria","Propionibacteriales","Nocardioidaceae","Nocardioides",0.00590806009400547,4,58.8425411950931,0.048780487804878,3
"ASV_125","Bacteria","Firmicutes","Bacilli","Paenibacillales","Paenibacillaceae","Paenibacillus",0.00412303871365465,7,45.5454366317639,0.0853658536585366,4
"ASV_182","Bacteria","Firmicutes","Bacilli","Paenibacillales","Paenibacillaceae","Paenibacillus",0.00213477933299957,7,45.5454366317639,0.0853658536585366,4
"ASV_59","Bacteria","Proteobacteria","Gammaproteobacteria","Burkholderiales","Oxalobacteraceae","Massilia",0.00868414051558119,7,42.4737318237318,0.0853658536585366,4
"ASV_230","Bacteria","Proteobacteria","Gammaproteobacteria","Enterobacterales",NA,NA,0.000234133755891435,7,38.698385457214,0.0853658536585366,1
"ASV_247","Bacteria","Proteobacteria","Gammaproteobacteria","Burkholderiales","Oxalobacteraceae","Massilia",7.06214689265537e-05,4,35,0.048780487804878,6
"ASV_341","Bacteria","Bacteroidota","Bacteroidia","Cytophagales","Hymenobacteraceae","Hymenobacter",9.23511516731856e-05,4,35,0.048780487804878,6
"ASV_174","Bacteria","Actinobacteriota","Actinobacteria","Micrococcales","Microbacteriaceae","Microbacterium",0.00476096545617299,3,32.7654849180368,0.0365853658536585,3
"ASV_91","Bacteria","Firmicutes","Bacilli","Bacillales","Bacillaceae","Bacillus",0.00659826903713653,4,18.3027470853547,0.048780487804878,7
"ASV_85","Bacteria","Proteobacteria","Gammaproteobacteria","Burkholderiales","Oxalobacteraceae","Massilia",0.0128961668981294,4,15.5988201126359,0.048780487804878,7
"ASV_55","Bacteria","Proteobacteria","Gammaproteobacteria","Enterobacterales","Morganellaceae","Buchnera",0.0239609227651472,3,10.6583286278938,0.0365853658536585,3
"ASV_149","Bacteria","Bacteroidota","Bacteroidia","Cytophagales","Hymenobacteraceae","Hymenobacter",0.00775848447442828,5,9.80106837606837,0.0609756097560976,1
"ASV_65","Bacteria","Firmicutes","Bacilli","Paenibacillales","Paenibacillaceae",NA,0.00783466689365566,7,6,0.0853658536585366,5
"ASV_124","Bacteria","Proteobacteria","Gammaproteobacteria","Burkholderiales","Oxalobacteraceae","Massilia",0.0130422216530742,5,4.11538461538461,0.0609756097560976,1
"ASV_71","Bacteria","Proteobacteria","Gammaproteobacteria","Burkholderiales","Oxalobacteraceae","Massilia",0.0120146646507512,2,2.91014492753623,0.024390243902439,7
"ASV_190","Bacteria","Actinobacteriota","Actinobacteria","Micrococcales","Microbacteriaceae","Plantibacter",0.000520833333333333,5,2.83198117671802,0.0609756097560976,1
"ASV_358","Bacteria","Proteobacteria","Alphaproteobacteria","Rhizobiales","Rhizobiaceae",NA,0.000446428571428571,5,2.83198117671802,0.0609756097560976,1
"ASV_103","Bacteria","Firmicutes","Bacilli","Exiguobacterales","Exiguobacteraceae","Exiguobacterium",0.0208230511780016,1,0,0.0121951219512195,2
"ASV_11","Bacteria","Proteobacteria","Gammaproteobacteria","Pseudomonadales","Pseudomonadaceae","Pseudomonas",0.014747191011236,6,0,0.0731707317073171,5
"ASV_111","Bacteria","Proteobacteria","Alphaproteobacteria","Caulobacterales","Caulobacteraceae","Brevundimonas",0.0140633056666471,1,0,0.0121951219512195,3
"ASV_112","Bacteria","Proteobacteria","Alphaproteobacteria","Rickettsiales","Anaplasmataceae","Wolbachia",0.00207786526684164,4,0,0.048780487804878,3
"ASV_116","Bacteria","Actinobacteriota","Actinobacteria","Micrococcales","Microbacteriaceae","Curtobacterium",0.0104155780811016,1,0,0.0121951219512195,4
"ASV_118","Bacteria","Proteobacteria","Gammaproteobacteria","Enterobacterales","Morganellaceae","Buchnera",0.0275569824010667,2,0,0.024390243902439,6
"ASV_121","Bacteria","Proteobacteria","Gammaproteobacteria","Burkholderiales","Oxalobacteraceae","Massilia",0.00690529578699538,2,0,0.024390243902439,4
"ASV_133","Bacteria","Actinobacteriota","Rubrobacteria","Rubrobacterales","Rubrobacteriaceae","Rubrobacter",0.000437445319335083,4,0,0.048780487804878,3
"ASV_146","Bacteria","Proteobacteria","Gammaproteobacteria","Burkholderiales","Oxalobacteraceae","Massilia",0.00179965828845754,2,0,0.024390243902439,1
"ASV_17","Bacteria","Actinobacteriota","Actinobacteria","Micrococcales","Microbacteriaceae","Microbacterium",0.00573501872659176,6,0,0.0731707317073171,5
"ASV_18","Bacteria","Proteobacteria","Gammaproteobacteria","Burkholderiales","Comamonadaceae","Acidovorax",0.00884591023502326,1,0,0.0121951219512195,5
"ASV_24","Bacteria","Proteobacteria","Alphaproteobacteria","Sphingomonadales","Sphingomonadaceae","Sphingomonas",0.00889513108614232,6,0,0.0731707317073171,5
"ASV_29","Bacteria","Bacteroidota","Bacteroidia","Flavobacteriales","Weeksellaceae","Chryseobacterium",0.0072565543071161,6,0,0.0731707317073171,5
"ASV_30","Bacteria","Proteobacteria","Gammaproteobacteria","Enterobacterales","Enterobacteriaceae",NA,0.0508963258057752,2,0,0.024390243902439,6
"ASV_302","Bacteria","Bacteroidota","Bacteroidia","Cytophagales","Spirosomaceae","Spirosoma",7.48055056852184e-05,3,0,0.0365853658536585,4
"ASV_33","Bacteria","Proteobacteria","Gammaproteobacteria","Enterobacterales","Erwiniaceae","Pantoea",0.0179074053733376,3,0,0.0365853658536585,4
"ASV_34","Bacteria","Bacteroidota","Bacteroidia","Cytophagales","Cytophagaceae","Siphonobacter",0.00117041198501873,6,0,0.0731707317073171,5
"ASV_396","Bacteria","Proteobacteria","Alphaproteobacteria","Rhizobiales","Beijerinckiaceae","Methylobacterium-Methylorubrum",0.000546806649168854,4,0,0.048780487804878,3
"ASV_47","Bacteria","Firmicutes","Bacilli","Exiguobacterales","Exiguobacteraceae","Exiguobacterium",0.101452206233832,1,0,0.0121951219512195,2
"ASV_56","Bacteria","Proteobacteria","Alphaproteobacteria","Rhizobiales","Rhizobiaceae","Allorhizobium-Neorhizobium-Pararhizobium-Rhizobium",0.00254338719329743,3,0,0.0365853658536585,4
"ASV_87","Bacteria","Proteobacteria","Alphaproteobacteria","Rhizobiales","Rhizobiaceae","Aureimonas",0.00117041198501873,6,0,0.0731707317073171,5
"ASV_94","Bacteria","Proteobacteria","Gammaproteobacteria","Burkholderiales","Oxalobacteraceae","Massilia",0.0118110236220472,4,0,0.048780487804878,3
