"name","Kingdom","Phylum","Class","Order","Family","Genus","Species","mean_relative_abundance","degree","betweenness","normalized_degree","module"
"ASV_1000","Fungi","Ascomycota","Dothideomycetes","Pleosporales","Phaeosphaeriaceae",NA,NA,2.85619851806853e-05,1,0,0.00169204737732657,1
"ASV_1002","Fungi","Ascomycota","Eurotiomycetes","Chaetothyriales","Cyphellophoraceae","Cyphellophora",NA,2.30453688302657e-05,12,1853.11525504785,0.0203045685279188,2
"ASV_1010","Fungi","Basidiomycota","Agaricomycetes","Agaricales","Tricholomataceae","Arrhenia",NA,3.36601263865317e-05,3,40.1695300403659,0.0050761421319797,3
"ASV_1011","Fungi","Ascomycota","Dothideomycetes","Pleosporales","Lophiostomataceae","Sigarispora","coronillae",4.0696587602272e-05,1,0,0.00169204737732657,3
"ASV_1013","Fungi","Ascomycota","Leotiomycetes","Helotiales","Helotiaceae","Articulospora","proliferata",3.58461495659358e-05,2,512.752437846336,0.00338409475465313,3
"ASV_1014","Fungi","Ascomycota","Dothideomycetes","Pleosporales",NA,NA,NA,3.92527838153608e-05,1,0,0.00169204737732657,4
"ASV_1015","Fungi","Ascomycota","Sordariomycetes","Glomerellales","Plectosphaerellaceae","Plectosphaerella","niemeijerarum",3.44919912432224e-05,3,0,0.0050761421319797,5
"ASV_1017","Fungi","Basidiomycota","Agaricomycetes","Corticiales","Corticiaceae","Limonomyces",NA,5.16740929720281e-06,53,601.681924425675,0.089678510998308,5
"ASV_102","Fungi","Ascomycota","Dothideomycetes","Capnodiales","Cladosporiaceae","Davidiellomyces","australiensis",0.00228643011046705,3,556,0.0050761421319797,6
"ASV_1022","Fungi","Ascomycota","Dothideomycetes","Pleosporales","Sporormiaceae","Sparticola","junci",6.70108457766771e-05,9,554.849724651004,0.0152284263959391,3
"ASV_1028","Fungi","Ascomycota","Dothideomycetes","Pleosporales","Lophiostomataceae",NA,NA,3.93538771865494e-05,2,556,0.00338409475465313,3
"ASV_1038","Fungi","Ascomycota","Dothideomycetes","Pleosporales","Pleosporaceae","Comoclathris",NA,4.2378927695112e-05,7,197.636996684986,0.011844331641286,2
"ASV_104","Fungi","Ascomycota","Dothideomycetes","Pleosporales","Phaeosphaeriaceae","Parastagonospora",NA,0.00136446990601578,6,35.3422279283552,0.0101522842639594,7
"ASV_1046","Fungi","Ascomycota",NA,NA,NA,NA,NA,1.0158573322466e-05,3,1110,0.0050761421319797,2
"ASV_1051","Fungi","Basidiomycota",NA,NA,NA,NA,NA,3.31619080438879e-05,8,1625.88244291652,0.0135363790186125,8
"ASV_1052","Fungi","Ascomycota","Dothideomycetes","Pleosporales","Phaeosphaeriaceae","Chaetosphaeronema",NA,3.75509485906056e-06,7,197.636996684986,0.011844331641286,2
"ASV_1053","Fungi","Ascomycota","Eurotiomycetes","Verrucariales","Verrucariaceae",NA,NA,6.86796034065083e-05,12,570.934608758688,0.0203045685279188,2
"ASV_1056","Fungi","Ascomycota","Dothideomycetes","Pleosporales","Lentitheciaceae","Keissleriella","cirsii",1.50394492923897e-05,5,974.195832765361,0.00846023688663283,9
"ASV_1057","Fungi","Ascomycota","Dothideomycetes","Pleosporales","Pleosporaceae","Alternaria","caricicola",4.40138556380045e-05,2,99.4285407612391,0.00338409475465313,10
"ASV_1058","Fungi","Basidiomycota","Tremellomycetes","Tremellales","Bulleribasidiaceae","Dioszegia",NA,1.94975838368854e-05,2,0,0.00338409475465313,3
"ASV_1059","Fungi","Basidiomycota","Agaricomycetes","Agaricales",NA,NA,NA,6.71791355197703e-06,12,1177.345265246,0.0203045685279188,11
"ASV_1060","Fungi","Ascomycota","Dothideomycetes","Pleosporales","Pleosporaceae","Neocamarosporium","korfii",1.50022810098301e-05,5,1314.37821860481,0.00846023688663283,3
"ASV_1066","Fungi","Ascomycota","Dothideomycetes","Pleosporales","Sporormiaceae","Sparticola","junci",5.61033009410591e-05,53,601.681924425675,0.089678510998308,5
"ASV_1067","Fungi","Ascomycota","Dothideomycetes","Pleosporales","Amniculicolaceae","Murispora","cicognanii",3.96738231870952e-05,1,0,0.00169204737732657,9
"ASV_1073","Fungi","Ascomycota","Leotiomycetes","Helotiales","Helotiaceae","Tricladium","angustum",1.77994570025894e-05,2,0,0.00338409475465313,9
"ASV_1075","Fungi","Ascomycota","Dothideomycetes","Pleosporales","Phaeosphaeriaceae",NA,NA,4.50005738218624e-05,3,0,0.0050761421319797,5
"ASV_1076","Fungi","Ascomycota","Dothideomycetes","Pleosporales","Thyridariaceae","Roussoella","mexicana",2.96646338976288e-06,7,247.778726893476,0.011844331641286,10
"ASV_1077","Fungi","Basidiomycota","Malasseziomycetes","Malasseziales","Malasseziaceae","Malassezia",NA,1.32876239070929e-05,53,601.681924425675,0.089678510998308,5
"ASV_1079","Fungi","Basidiomycota","Tremellomycetes","Tremellales","Bulleribasidiaceae","Vishniacozyma","victoriae",4.5850539470342e-05,2,386.315260108664,0.00338409475465313,11
"ASV_108","Fungi","Ascomycota","Sordariomycetes","Trichosphaeriales","Trichosphaeriaceae","Nigrospora","oryzae",5.89096695402701e-05,4,6792.7646141054,0.00676818950930626,7
"ASV_1083","Fungi","Ascomycota","Dothideomycetes","Pleosporales","Pleosporaceae","Alternaria",NA,4.35549811006697e-05,13,1574.14240641187,0.0219966159052453,11
"ASV_1085","Fungi","Ascomycota","Dothideomycetes","Pleosporales","Didymosphaeriaceae","Kalmusia",NA,2.09910071347134e-05,1,0,0.00169204737732657,2
"ASV_1086","Fungi","Basidiomycota","Agaricomycetes","Agaricales","Psathyrellaceae","Coprinopsis","calospora",6.745952809692e-06,17,1867.17328199333,0.0287648054145516,3
"ASV_1092","Fungi","Ascomycota","Sordariomycetes","Diaporthales","Valsaceae","Cytospora","populina",4.13878736184925e-06,22,2601.53527380993,0.0372250423011844,9
"ASV_1093","Fungi","Ascomycota","Dothideomycetes","Pleosporales","Phaeosphaeriaceae","Poaceicola","agrostina",2.4989328787021e-05,5,438.169532297912,0.00846023688663283,12
"ASV_1094","Fungi","Ascomycota","Eurotiomycetes","Eurotiales","Aspergillaceae","Penicillium","glandicola",2.39076666459803e-05,7,332.929463887305,0.011844331641286,2
"ASV_1096","Fungi","Basidiomycota","Agaricomycetes","Auriculariales","Exidiaceae",NA,NA,2.31910515935963e-06,8,295.075864692131,0.0135363790186125,2
"ASV_1099","Fungi","Ascomycota","Sordariomycetes","Phomatosporales","Phomatosporaceae","Phomatospora","biseriata",1.64306198998166e-05,8,748.304061250927,0.0135363790186125,11
"ASV_110","Fungi","Ascomycota","Leotiomycetes","Helotiales",NA,NA,NA,0.000308669722909775,5,10368.7793369314,0.00846023688663283,6
"ASV_1100","Fungi","Ascomycota","Lecanoromycetes","Ostropales","Stictidaceae","Neofitzroyomyces","nerii",2.96747051580691e-05,3,620.504361406025,0.0050761421319797,12
"ASV_1102","Fungi","Ascomycota","Dothideomycetes","Pleosporales",NA,NA,NA,2.37421017406811e-05,14,2212.72956277711,0.0236886632825719,10
"ASV_1104","Fungi","Ascomycota","Dothideomycetes","Pleosporales","Phaeosphaeriaceae","Pseudoophiobolus","italicus",1.78066140977888e-05,3,307.123750727624,0.0050761421319797,9
"ASV_1105","Fungi","Ascomycota","Eurotiomycetes","Chaetothyriales","Cyphellophoraceae","Cyphellophora","fusarioides",1.07300261028254e-05,19,1989.28616878097,0.0321489001692047,3
"ASV_1108","Fungi","Ascomycota","Dothideomycetes","Capnodiales","Teratosphaeriaceae","Xenoteratosphaeria","jonkershoekensis",3.73530510491021e-05,2,0,0.00338409475465313,13
"ASV_1109","Fungi","Basidiomycota","Tremellomycetes","Tremellales","Bulleribasidiaceae","Dioszegia","changbaiensis",8.12021460989013e-06,53,601.681924425675,0.089678510998308,5
"ASV_111","Fungi","Ascomycota","Dothideomycetes","Pleosporales","Pleosporaceae","Alternaria","rosae",0.000786021524124365,1,0,0.00169204737732657,3
"ASV_1113","Fungi","Basidiomycota","Ustilaginomycetes","Ustilaginales","Ustilaginaceae","Tranzscheliella","yupeitaniae",1.1996108209947e-05,9,464.873238261127,0.0152284263959391,4
"ASV_1116","Fungi","Ascomycota","Dothideomycetes","Pleosporales","Massarinaceae","Stagonospora","trichophoricola",4.39600176931961e-06,15,1374.0162209975,0.0253807106598985,11
"ASV_112","Fungi","Basidiomycota","Agaricomycetes","Agaricales","Stephanosporaceae","Cristinia",NA,0.000401846318923071,6,1932.46342349035,0.0101522842639594,7
"ASV_1120","Fungi","Ascomycota","Dothideomycetes","Capnodiales","Neodevriesiaceae","Neodevriesia","capensis",3.58024760012195e-05,2,556,0.00338409475465313,11
"ASV_1128","Fungi","Ascomycota","Dothideomycetes","Pleosporales","Lophiostomataceae",NA,NA,6.44091833442536e-06,7,97.1469930940674,0.011844331641286,14
"ASV_113","Fungi","Ascomycota","Dothideomycetes","Pleosporales","Amniculicolaceae","Murispora",NA,0.00100106310814452,3,1113,0.0050761421319797,6
"ASV_1133","Fungi","Basidiomycota","Malasseziomycetes","Malasseziales","Malasseziaceae","Malassezia","globosa",2.06696371888112e-05,53,601.681924425675,0.089678510998308,5
"ASV_114","Fungi","Ascomycota","Dothideomycetes","Capnodiales","Dissoconiaceae","Dissoconium","eucalypti",0.000175225224470926,2,0,0.00338409475465313,15
"ASV_1140","Fungi","Ascomycota","Dothideomycetes","Pleosporales","Phaeosphaeriaceae",NA,NA,5.77605022833022e-05,2,2304.39931844474,0.00338409475465313,3
"ASV_1141","Fungi","Basidiomycota","Microbotryomycetes","Sporidiobolales","Sporidiobolaceae","Rhodotorula","mucilaginosa",5.95048105071112e-06,12,990.698016360847,0.0203045685279188,14
"ASV_1144","Fungi","Ascomycota","Dothideomycetes","Pleosporales","Didymellaceae","Neoascochyta","paspali",7.21069840447009e-06,11,3442.33351813434,0.0186125211505922,2
"ASV_1145","Fungi","Ascomycota","Orbiliomycetes","Orbiliales","Orbiliaceae","Orbilia",NA,1.11086286867457e-05,2,1084.40523042049,0.00338409475465313,6
"ASV_1147","Fungi","Ascomycota","Dothideomycetes","Pleosporales","Didymosphaeriaceae","Paraphaeosphaeria","michotii",1.69806028816669e-05,7,97.1469930940674,0.011844331641286,14
"ASV_1148","Fungi","Ascomycota","Dothideomycetes","Capnodiales","Mycosphaerellaceae","Ramularia",NA,1.48385565052232e-06,19,678.000443953864,0.0321489001692047,9
"ASV_1149","Fungi","Ascomycota","Dothideomycetes","Pleosporales","Phaeosphaeriaceae","Paraophiobolus","arundinis",2.18303969787532e-05,18,3443.64028503061,0.0304568527918782,3
"ASV_115","Fungi","Ascomycota","Dothideomycetes","Pleosporales",NA,NA,NA,0.000959476212581349,10,1469.44841400784,0.0169204737732657,7
"ASV_1153","Fungi","Basidiomycota","Agaricomycetes",NA,NA,NA,NA,1.06755487232044e-05,12,639.947692000816,0.0203045685279188,2
"ASV_1154","Fungi","Ascomycota","Dothideomycetes","Pleosporales","Massarinaceae","Pseudodidymosphaeria","phlei",2.61767615916494e-05,1,0,0.00169204737732657,16
"ASV_1155","Fungi","Ascomycota",NA,NA,NA,NA,NA,1.39621397886614e-05,16,18429.636445045,0.027072758037225,11
"ASV_1156","Fungi","Ascomycota","Dothideomycetes","Pleosporales","Didymellaceae","Didymella","keratinophila",8.59219266507946e-06,10,902.349058908905,0.0169204737732657,9
"ASV_1159","Fungi","Ascomycota","Sordariomycetes","Sordariales","Lasiosphaeriaceae",NA,NA,1.86232034345886e-05,9,2739.09585979053,0.0152284263959391,2
"ASV_116","Fungi","Ascomycota","Leotiomycetes","Helotiales","Sclerotiniaceae","Botrytis","caroliniana",0.000312528000504937,1,0,0.00169204737732657,7
"ASV_1160","Fungi","Ascomycota","Dothideomycetes","Pleosporales","Camarosporidiellaceae","Camarosporidiella","elaeagnicola",4.79830863311689e-05,53,601.681924425675,0.089678510998308,5
"ASV_1161","Fungi","Ascomycota","Dothideomycetes","Pleosporales","Phaeosphaeriaceae",NA,NA,1.30141457306791e-05,2,212.419774029233,0.00338409475465313,3
"ASV_1162","Fungi","Basidiomycota","Malasseziomycetes","Malasseziales","Malasseziaceae","Malassezia",NA,3.35553354325551e-06,11,1325.09310598983,0.0186125211505922,2
"ASV_1164","Fungi","Basidiomycota","Agaricomycetes","Russulales",NA,NA,NA,1.3164763598821e-05,11,513.487988681715,0.0186125211505922,11
"ASV_1172","Fungi","Basidiomycota","Agaricomycetes",NA,NA,NA,NA,5.38531070892948e-06,5,1751.46452731585,0.00846023688663283,14
"ASV_1173","Fungi","Ascomycota","Leotiomycetes","Erysiphales","Erysiphaceae","Blumeria","graminis",1.22406777294982e-05,43,1353.98289461426,0.0727580372250423,5
"ASV_1174","Fungi","Basidiomycota","Agaricomycetes","Auriculariales","Exidiaceae",NA,NA,3.26317506934247e-06,25,2621.37465212283,0.0423011844331641,3
"ASV_1176","Fungi","Basidiomycota","Microbotryomycetes","Microbotryomycetes_ord_Incertae_sedis","Microbotryomycetes_fam_Incertae_sedis","Colacogloea","terpenoidalis",1.34452866579741e-05,26,13763.8578027423,0.0439932318104907,3
"ASV_1184","Fungi","Ascomycota","Dothideomycetes","Pleosporales","Massarinaceae","Pseudodidymosphaeria","phlei",3.4332295854268e-05,7,197.636996684986,0.011844331641286,2
"ASV_1187","Fungi","Ascomycota","Dothideomycetes","Pleosporales","Didymellaceae","Neoascochyta","europaea",3.04906332126034e-05,14,855.185618581099,0.0236886632825719,14
"ASV_1189","Fungi","Ascomycota","Arthoniomycetes","Lichenostigmatales","Phaeococcomycetaceae","Phaeococcomyces","eucalypti",3.80703758089955e-06,25,2621.37465212283,0.0423011844331641,3
"ASV_119","Fungi","Ascomycota","Dothideomycetes","Pleosporales","Phaeosphaeriaceae","Phaeosphaeria",NA,2.17731493615344e-05,1,0,0.00169204737732657,10
"ASV_1195","Fungi","Ascomycota","Dothideomycetes","Pleosporales","Phaeosphaeriaceae",NA,NA,9.94367126136063e-06,2,0,0.00338409475465313,9
"ASV_1199","Fungi","Basidiomycota","Agaricomycetes","Polyporales","Polyporaceae","Trametes","trogii",2.17545004622831e-06,25,2621.37465212283,0.0423011844331641,3
"ASV_12","Fungi","Ascomycota","Dothideomycetes","Pleosporales","Pleosporaceae","Comoclathris",NA,0.0249209581950199,10,210.679724266616,0.0169204737732657,7
"ASV_1200","Fungi","Ascomycota","Dothideomycetes","Pleosporales","Lentitheciaceae","Keissleriella","poagena",2.43383177873467e-05,5,1347.11662675088,0.00846023688663283,12
"ASV_1203","Fungi","Ascomycota",NA,NA,NA,NA,NA,2.63256803245136e-05,5,1153.3657232543,0.00846023688663283,12
"ASV_1206","Fungi","Ascomycota","Dothideomycetes","Pleosporales","Phaeosphaeriaceae","Neosetophoma","samararum",2.31064821513492e-05,2,20.4763956513483,0.00338409475465313,11
"ASV_1208","Fungi","Ascomycota","Dothideomycetes","Pleosporales","Didymellaceae","Epicoccum","plurivorum",1.4896866253295e-05,1,0,0.00169204737732657,14
"ASV_1209","Fungi","Basidiomycota","Agaricomycetes","Cantharellales","Ceratobasidiaceae",NA,NA,2.5837046486014e-05,53,601.681924425675,0.089678510998308,5
"ASV_1211","Fungi","Basidiomycota","Agaricomycetes","Polyporales","Steccherinaceae",NA,NA,1.47640265634366e-05,53,601.681924425675,0.089678510998308,5
"ASV_1212","Fungi","Ascomycota","Dothideomycetes","Botryosphaeriales","Botryosphaeriaceae","Tiarosporella","dactylis",2.19959721992293e-05,1,0,0.00169204737732657,12
"ASV_1213","Fungi","Ascomycota","Dothideomycetes",NA,NA,NA,NA,1.73599558668304e-05,10,800.925970673088,0.0169204737732657,2
"ASV_1214","Fungi","Ascomycota","Leotiomycetes","Helotiales","Helotiaceae",NA,NA,2.26407216027539e-05,4,529.282264832994,0.00676818950930626,4
"ASV_1217","Fungi","Ascomycota","Dothideomycetes","Pleosporales","Leptosphaeriaceae","Ampelomyces","quisqualis",8.86686397203601e-06,1,0,0.00169204737732657,17
"ASV_122","Fungi","Ascomycota","Dothideomycetes","Pleosporales","Pleosporaceae","Alternaria","oregonensis",0.00137537138866772,1,0,0.00169204737732657,18
"ASV_1220","Fungi","Ascomycota","Dothideomycetes","Pleosporales","Phaeosphaeriaceae","Parastagonospora",NA,4.06390889399635e-05,1,0,0.00169204737732657,19
"ASV_1224","Fungi","Ascomycota","Dothideomycetes","Pleosporales","Phaeosphaeriaceae","Neosetophoma","rosarum",6.70839287032006e-06,10,1407.29481674848,0.0169204737732657,10
"ASV_1225","Fungi","Basidiomycota","Agaricomycetes","Auriculariales","Exidiaceae","Exidia","saccharina",4.42920796903098e-06,53,601.681924425675,0.089678510998308,5
"ASV_1226","Fungi","Basidiomycota","Agaricomycetes",NA,NA,NA,NA,3.10419580878564e-05,3,115.311340745454,0.0050761421319797,3
"ASV_1228","Fungi","Basidiomycota","Tremellomycetes","Tremellales","Bulleribasidiaceae","Vishniacozyma","carnescens",3.26317506934247e-05,25,2621.37465212283,0.0423011844331641,3
"ASV_123","Fungi","Ascomycota","Dothideomycetes","Pleosporales","Pleosporaceae","Alternaria",NA,5.00288022961791e-05,15,4492.55770743191,0.0253807106598985,11
"ASV_1231","Fungi","Ascomycota","Dothideomycetes","Pleosporales","Didymosphaeriaceae","Kalmusia",NA,3.20266461696131e-05,12,639.947692000816,0.0203045685279188,2
"ASV_1233","Fungi","Basidiomycota","Agaricomycetes","Corticiales","Corticiaceae","Marchandiobasidium",NA,1.86674708553306e-05,5,7.11377147380885,0.00846023688663283,5
"ASV_1234","Fungi","Ascomycota","Dothideomycetes","Pleosporales","Melanommataceae",NA,NA,5.06337061493117e-06,11,513.487988681715,0.0186125211505922,11
"ASV_1235","Fungi","Ascomycota","Sordariomycetes","Myrmecridiales","Myrmecridiaceae","Myrmecridium","banksiae",1.19905617683826e-05,3,464.782786246494,0.0050761421319797,3
"ASV_1239","Fungi","Ascomycota","Dothideomycetes","Capnodiales","Neodevriesiaceae","Neodevriesia","capensis",2.15707249082428e-05,11,8147.52060716914,0.0186125211505922,11
"ASV_124","Fungi","Ascomycota","Dothideomycetes","Pleosporales","Sporormiaceae","Sparticola","junci",0.00104076001280524,1,0,0.00169204737732657,6
"ASV_1242","Fungi","Ascomycota","Dothideomycetes","Capnodiales","Mycosphaerellaceae","Pseudocercospora",NA,1.53031014678029e-05,13,1574.14240641187,0.0219966159052453,11
"ASV_1245","Fungi","Ascomycota","Dothideomycetes","Pleosporales","Pleosporaceae","Stemphylium",NA,3.0559582040758e-05,1,0,0.00169204737732657,10
"ASV_1248","Fungi","Basidiomycota","Agaricomycetes","Cantharellales","Ceratobasidiaceae",NA,NA,2.68915336712255e-06,7,293.339750216539,0.011844331641286,4
"ASV_125","Fungi","Ascomycota","Dothideomycetes","Pleosporales","Pleosporaceae","Alternaria","rosae",0.000779610951196557,2,556,0.00338409475465313,3
"ASV_1250","Fungi","Ascomycota","Dothideomycetes","Pleosporales","Phaeosphaeriaceae","Phaeosphaeria",NA,5.347205512205e-06,9,329.437947767075,0.0152284263959391,4
"ASV_1251","Fungi","Ascomycota","Dothideomycetes","Pleosporales","Pleosporaceae","Stemphylium","beticola",1.99939768695751e-05,46,2065.04128082203,0.077834179357022,5
"ASV_1252","Fungi","Basidiomycota","Tremellomycetes","Tremellales","Bulleraceae","Genolevuria",NA,1.46335217668763e-05,46,2065.04128082203,0.077834179357022,5
"ASV_1258","Fungi","Ascomycota","Dothideomycetes","Capnodiales","Cladosporiaceae","Rachicladosporium",NA,2.60174078948537e-05,3,1279.9794550794,0.0050761421319797,8
"ASV_126","Fungi","Basidiomycota","Agaricomycetes","Cantharellales","Ceratobasidiaceae","Thanatephorus","cucumeris",0.000125566095659645,2,0,0.00338409475465313,8
"ASV_1260","Fungi","Basidiomycota","Agaricomycetes",NA,NA,NA,NA,5.03166099125515e-06,14,6235.52421889933,0.0236886632825719,11
"ASV_1261","Fungi","Ascomycota","Leotiomycetes","Helotiales","Helotiaceae","Tricladium","angustum",3.77855978506651e-05,2,0,0.00338409475465313,2
"ASV_1265","Fungi","Ascomycota","Dothideomycetes","Capnodiales",NA,NA,NA,1.10730199225774e-05,53,601.681924425675,0.089678510998308,5
"ASV_127","Fungi","Basidiomycota","Pucciniomycetes","Platygloeales","Platygloeaceae","Insolibasidium","deformans",1.67709821758001e-06,10,1407.29481674848,0.0169204737732657,10
"ASV_128","Fungi","Ascomycota","Sordariomycetes","Hypocreales","Clavicipitaceae","Claviceps","spartinae",0.000199969732624336,2,556,0.00338409475465313,9
"ASV_1286","Fungi","Basidiomycota","Agaricomycetes","Cantharellales","Ceratobasidiaceae","Ceratobasidium",NA,1.88133694290532e-05,14,855.185618581099,0.0236886632825719,14
"ASV_1287","Fungi","Ascomycota","Sordariomycetes","Diaporthales","Gnomoniaceae","Ophiognomonia","quercus-gambellii",3.1752224479998e-05,1,0,0.00169204737732657,3
"ASV_1288","Fungi","Basidiomycota","Agaricomycetes","Agaricales","Inocybaceae","Inocybe","mixtilis",1.55022278916084e-05,53,601.681924425675,0.089678510998308,5
"ASV_129","Fungi","Ascomycota","Dothideomycetes","Pleosporales","Phaeosphaeriaceae","Parastagonospora",NA,0.000821936573323177,2,556,0.00338409475465313,6
"ASV_1294","Fungi","Basidiomycota","Agaricomycetes","Polyporales","Polyporaceae","Coriolopsis","gallica",5.93542260208927e-06,19,678.000443953864,0.0321489001692047,9
"ASV_1297","Fungi","Ascomycota","Dothideomycetes","Pleosporales",NA,NA,NA,1.19590261734815e-05,12,1177.345265246,0.0203045685279188,11
"ASV_1299","Fungi","Ascomycota","Leotiomycetes","Helotiales","Dermateaceae",NA,NA,5.16740929720281e-06,53,601.681924425675,0.089678510998308,5
"ASV_13","Fungi","Ascomycota","Dothideomycetes","Pleosporales","Didymellaceae","Epicoccum","dendrobii",3.95731995771803e-05,8,1109.15278160578,0.0135363790186125,11
"ASV_1300","Fungi","Basidiomycota","Agaricostilbomycetes","Agaricostilbales","Kondoaceae","Kondoa",NA,1.44244271463809e-05,6,1351.20630206668,0.0101522842639594,5
"ASV_1304","Fungi","Ascomycota","Dothideomycetes","Pleosporales","Pleosporaceae","Alternaria",NA,4.80399692544197e-05,12,639.947692000816,0.0203045685279188,2
"ASV_1307","Fungi","Basidiomycota","Agaricomycetes","Cantharellales","Ceratobasidiaceae",NA,NA,6.58710881026631e-06,2,302.715752134905,0.00338409475465313,11
"ASV_1308","Fungi","Basidiomycota","Agaricomycetes","Agaricales","Physalacriaceae","Cryptomarasmius","crescentiae",1.02090226692547e-05,19,6059.74166864055,0.0321489001692047,3
"ASV_1309","Fungi","Ascomycota","Dothideomycetes","Pleosporales","Leptosphaeriaceae",NA,NA,1.91293899803555e-05,2,0,0.00338409475465313,10
"ASV_131","Fungi","Ascomycota","Dothideomycetes","Pleosporales","Phaeosphaeriaceae",NA,NA,0.000896551718372301,10,1679.65399601855,0.0169204737732657,7
"ASV_1313","Fungi","Ascomycota","Sordariomycetes","Hypocreales","Nectriaceae","Fusarium","domesticum",6.90776355575535e-06,16,4093.8263131606,0.027072758037225,2
"ASV_1317","Fungi","Ascomycota","Dothideomycetes","Pleosporales","Pleosporaceae","Comoclathris",NA,3.40089565474621e-05,14,2212.72956277711,0.0236886632825719,10
"ASV_1320","Fungi","Ascomycota","Dothideomycetes","Capnodiales","Cladosporiaceae","Davidiellomyces","australiensis",9.64506172839506e-06,19,678.000443953864,0.0321489001692047,9
"ASV_1321","Fungi","Ascomycota","Dothideomycetes","Pleosporales","Pleosporaceae",NA,NA,3.55921039340298e-05,15,1974.08015722172,0.0253807106598985,2
"ASV_1327","Fungi","Basidiomycota","Agaricomycetes","Agaricales","Agaricaceae","Coprinus","foetidellus",1.8503720320759e-05,19,4830.01255230161,0.0321489001692047,3
"ASV_1329","Fungi","Basidiomycota","Agaricomycetes","Agaricales","Psathyrellaceae","Coprinellus",NA,6.91404978432364e-06,12,933.683096248037,0.0203045685279188,2
"ASV_133","Fungi","Ascomycota","Dothideomycetes","Pleosporales","Pleosporaceae","Curvularia","trifolii",0.000507494381305785,5,574.421590203941,0.00846023688663283,6
"ASV_1339","Fungi","Basidiomycota","Agaricomycetes","Agaricales","Omphalotaceae","Gymnopus","earleae",1.45629690190266e-05,17,1388.25032329287,0.0287648054145516,9
"ASV_1340","Fungi","Basidiomycota","Agaricomycetes","Hymenochaetales","Hymenochaetales_fam_Incertae_sedis","Trichaptum","fuscoviolaceum",1.62404292197803e-05,53,601.681924425675,0.089678510998308,5
"ASV_1346","Fungi","Basidiomycota","Agaricomycetes","Agaricales","Entolomataceae","Clitopilus",NA,1.28318640848956e-05,9,554.849724651004,0.0152284263959391,3
"ASV_135","Fungi","Ascomycota","Sordariomycetes","Hypocreales","Nectriaceae","Gibberella","intricans",0.000834124078252016,2,556,0.00338409475465313,6
"ASV_1353","Fungi","Ascomycota","Dothideomycetes","Pleosporales","Pleosporaceae","Comoclathris","rosae",1.9462094550882e-05,11,1325.09310598983,0.0186125211505922,2
"ASV_1356","Fungi","Ascomycota","Dothideomycetes","Pleosporales","Pleosporaceae","Comoclathris","lini",3.65546588912757e-05,9,152.886644586226,0.0152284263959391,4
"ASV_1361","Fungi","Basidiomycota","Agaricomycetes","Agaricales","Tricholomataceae","Arrhenia",NA,3.39056116209062e-06,14,1780.01777667525,0.0236886632825719,11
"ASV_1363","Fungi","Basidiomycota","Agaricomycetes","Agaricales","Strophariaceae",NA,NA,6.87497851569214e-06,9,329.437947767075,0.0152284263959391,4
"ASV_1364","Fungi","Ascomycota","Saccharomycetes","Saccharomycetales","Metschnikowiaceae","Metschnikowia",NA,2.3842786061787e-05,13,3652.48746233886,0.0219966159052453,4
"ASV_1368","Fungi","Basidiomycota","Agaricomycetes","Agaricales","Psathyrellaceae","Coprinopsis","brunneofibrillosa",2.07083918948068e-05,10,576.682199723453,0.0169204737732657,2
"ASV_1371","Fungi","Basidiomycota","Tremellomycetes","Holtermanniales","Holtermanniales_fam_Incertae_sedis","Holtermanniella",NA,4.03373005068382e-06,7,293.339750216539,0.011844331641286,4
"ASV_1377","Fungi","Ascomycota","Orbiliomycetes","Orbiliales","Orbiliaceae","Orbilia",NA,1.0481266547639e-05,8,1291.85067143679,0.0135363790186125,10
"ASV_1378","Fungi","Ascomycota","Dothideomycetes","Pleosporales","Phaeosphaeriaceae","Poaceicola",NA,2.5837046486014e-05,53,601.681924425675,0.089678510998308,5
"ASV_1379","Fungi","Ascomycota","Leotiomycetes","Helotiales","Helotiaceae","Tetracladium",NA,2.99916572366817e-05,1,0,0.00169204737732657,12
"ASV_138","Fungi","Ascomycota","Dothideomycetes","Pleosporales","Lentitheciaceae",NA,NA,0.000588652768004863,1,0,0.00169204737732657,20
"ASV_1384","Fungi","Ascomycota","Dothideomycetes","Capnodiales","Teratosphaeriaceae","Constantinomyces","minimus",1.1364734093634e-05,9,464.873238261127,0.0152284263959391,4
"ASV_1387","Fungi","Ascomycota","Dothideomycetes","Pleosporales","Periconiaceae","Periconia","homothallica",1.82696291394867e-05,2,556,0.00338409475465313,4
"ASV_1390","Fungi","Basidiomycota","Agaricomycetes","Cantharellales","Ceratobasidiaceae",NA,NA,1.65099666719634e-05,47,3321.08233757349,0.0795262267343486,5
"ASV_1396","Fungi","Ascomycota","Dothideomycetes","Pleosporales","Phaeosphaeriaceae",NA,NA,3.82743127808085e-05,10,902.349058908905,0.0169204737732657,9
"ASV_1400","Fungi","Ascomycota","Dothideomycetes","Botryosphaeriales","Planistromellaceae","Ramimonilia","apicalis",1.5657977761376e-05,1,0,0.00169204737732657,12
"ASV_1401","Fungi","Ascomycota","Leotiomycetes","Thelebolales","Thelebolaceae","Thelebolus",NA,1.270502086675e-05,11,612.274569936875,0.0186125211505922,14
"ASV_1406","Fungi","Ascomycota","Saccharomycetes","Saccharomycetales","Metschnikowiaceae","Metschnikowia",NA,9.81137191521548e-06,12,570.934608758688,0.0203045685279188,2
"ASV_1407","Fungi","Basidiomycota","Tremellomycetes","Tremellales","Bulleribasidiaceae","Dioszegia","athyri",8.85841593806196e-06,53,601.681924425675,0.089678510998308,5
"ASV_1408","Fungi","Ascomycota","Dothideomycetes","Pleosporales","Phaeosphaeriaceae","Acericola","italica",1.95790504160548e-05,25,2621.37465212283,0.0423011844331641,3
"ASV_1409","Fungi","Ascomycota","Dothideomycetes","Pleosporales","Didymosphaeriaceae","Paraphaeosphaeria","xanthorrhoeae",6.42601381431915e-06,14,4153.66803482908,0.0236886632825719,4
"ASV_1410","Fungi","Basidiomycota","Agaricomycetes","Cantharellales","Ceratobasidiaceae",NA,NA,2.50988451578422e-05,53,601.681924425675,0.089678510998308,5
"ASV_1413","Fungi","Ascomycota","Dothideomycetes","Capnodiales","Mycosphaerellaceae","Pantospora","guazumae",1.06755487232044e-05,12,639.947692000816,0.0203045685279188,2
"ASV_1418","Fungi","Ascomycota","Dothideomycetes","Pleosporales","Pleosporales_fam_Incertae_sedis","Chalastospora","gossypii",2.82518796328668e-05,13,1574.14240641187,0.0219966159052453,11
"ASV_1419","Fungi","Ascomycota","Dothideomycetes","Dothideales","Dothioraceae","Hormonema","macrosporum",2.13864401414927e-05,9,554.849724651004,0.0152284263959391,3
"ASV_142","Fungi","Basidiomycota","Exobasidiomycetes","Entylomatales",NA,NA,NA,8.74420349571562e-05,1,0,0.00169204737732657,21
"ASV_1420","Fungi","Ascomycota","Dothideomycetes","Pleosporales",NA,NA,NA,1.64698799754658e-05,4,572.38414225001,0.00676818950930626,5
"ASV_1429","Fungi","Ascomycota","Dothideomycetes","Pleosporales","Lophiostomataceae",NA,NA,2.21172679598652e-05,1,0,0.00169204737732657,12
"ASV_1430","Fungi","Ascomycota","Dothideomycetes","Pleosporales","Lentitheciaceae","Keissleriella","dactylis",1.7664297297459e-05,4,2213.25705617541,0.00676818950930626,14
"ASV_1431","Fungi","Ascomycota","Dothideomycetes","Pleosporales","Phaeosphaeriaceae","Phaeosphaeria","tofieldiae",9.78952520802741e-06,25,2621.37465212283,0.0423011844331641,3
"ASV_1448","Fungi","Basidiomycota","Agaricomycetes","Agaricales","Strophariaceae","Psilocybe","coprophila",2.28842411733267e-05,53,601.681924425675,0.089678510998308,5
"ASV_1453","Fungi","Basidiomycota","Agaricomycetes",NA,NA,NA,NA,1.70270750101134e-05,54,8299.44981382867,0.0913705583756345,5
"ASV_1455","Fungi","Ascomycota","Dothideomycetes","Capnodiales","Cladosporiaceae","Rachicladosporium",NA,2.70708219816121e-05,1,0,0.00169204737732657,11
"ASV_1458","Fungi","Ascomycota",NA,NA,NA,NA,NA,2.46482251473108e-06,16,3020.22104197712,0.027072758037225,3
"ASV_1468","Fungi","Ascomycota","Leotiomycetes","Rhytismatales","Rhytismataceae","Lophodermium","baculiferum",3.82718092281671e-06,19,2005.59976134098,0.0321489001692047,9
"ASV_147","Fungi","Ascomycota","Dothideomycetes","Pleosporales","Amniculicolaceae","Murispora",NA,0.000863499729384869,4,5473,0.00676818950930626,6
"ASV_1471","Fungi","Basidiomycota","Agaricomycetes","Agaricales","Psathyrellaceae","Coprinopsis",NA,8.15793767335618e-06,25,2621.37465212283,0.0423011844331641,3
"ASV_1474","Fungi","Basidiomycota","Agaricomycetes","Agaricales","Strophariaceae","Psilocybe","coprophila",1.06614589093288e-05,10,1431.18824977965,0.0169204737732657,11
"ASV_1479","Fungi","Ascomycota","Dothideomycetes","Pleosporales","Pleosporaceae","Dimorphosporicola","tragani",2.82338507186478e-05,14,2212.72956277711,0.0236886632825719,10
"ASV_148","Fungi","Basidiomycota","Cystobasidiomycetes","Cystobasidiomycetes_ord_Incertae_sedis","Symmetrosporaceae","Symmetrospora","coprosmae",7.25004933948544e-05,1,0,0.00169204737732657,20
"ASV_1483","Fungi","Ascomycota","Sordariomycetes","Xylariales","Hyponectriaceae","Monographella","nivalis",1.96528788173358e-05,7,2629.13149369189,0.011844331641286,11
"ASV_1484","Fungi","Ascomycota","Dothideomycetes","Dothideales",NA,NA,NA,2.8958861580009e-05,3,144.528498631319,0.0050761421319797,10
"ASV_1488","Fungi","Basidiomycota","Agaricomycetes","Agaricales","Strophariaceae","Deconica","xeroderma",9.52183008811521e-06,4,1261.63495811326,0.00676818950930626,12
"ASV_1489","Fungi","Ascomycota","Dothideomycetes","Dothideomycetes_ord_Incertae_sedis","Dothideomycetes_fam_Incertae_sedis","Radulidium","subulatum",1.07335995914932e-05,8,670.844962321549,0.0135363790186125,9
"ASV_15","Fungi","Basidiomycota","Microbotryomycetes","Sporidiobolales","Sporidiobolaceae","Sporobolomyces","roseus",0.00104662210519371,4,0.5,0.00676818950930626,7
"ASV_150","Fungi","Ascomycota","Dothideomycetes","Pleosporales","Didymellaceae","Neoascochyta","argentina",0.00070959736889777,12,4710.6314771415,0.0203045685279188,10
"ASV_1504","Fungi","Basidiomycota","Agaricomycetes","Agaricales","Psathyrellaceae","Coprinopsis","igarashii",5.8695742064618e-06,16,3549.47524297526,0.027072758037225,14
"ASV_1505","Fungi","Basidiomycota","Agaricomycetes","Agaricales","Lycoperdaceae","Lycoperdon","utriforme",3.69100664085915e-06,53,601.681924425675,0.089678510998308,5
"ASV_1512","Fungi","Ascomycota","Leotiomycetes","Erysiphales","Erysiphaceae","Blumeria","graminis",8.64853060770566e-06,10,2351.66972046688,0.0169204737732657,11
"ASV_1518","Fungi","Ascomycota","Dothideomycetes","Pleosporales",NA,NA,NA,7.62430712194393e-06,3,1111,0.0050761421319797,10
"ASV_1519","Fungi","Basidiomycota","Tremellomycetes","Cystofilobasidiales","Mrakiaceae","Udeniomyces","kanasensis",2.38976745068359e-05,1,0,0.00169204737732657,11
"ASV_1520","Fungi","Basidiomycota","Tremellomycetes","Tremellales","Bulleribasidiaceae","Dioszegia","butyracea",5.01730612233196e-06,9,152.886644586226,0.0152284263959391,4
"ASV_1522","Fungi","Basidiomycota","Agaricomycetes","Agaricales",NA,NA,NA,2.810369767002e-06,11,3032.60004318819,0.0186125211505922,2
"ASV_1523","Fungi","Basidiomycota","Agaricomycetes",NA,NA,NA,NA,1.0101985861008e-05,9,464.873238261127,0.0152284263959391,4
"ASV_1525","Fungi","Basidiomycota","Ustilaginomycetes","Ustilaginales","Ustilaginaceae",NA,NA,1.53950228275971e-05,20,6135.05638679794,0.0338409475465313,3
"ASV_1526","Fungi","Ascomycota","Dothideomycetes","Pleosporales","Leptosphaeriaceae",NA,NA,2.25615923687514e-05,3,250.222550408487,0.0050761421319797,2
"ASV_1530","Fungi","Ascomycota","Lecanoromycetes","Ostropales","Stictidaceae","Neofitzroyomyces","nerii",5.59032739193338e-06,10,1407.29481674848,0.0169204737732657,10
"ASV_156","Fungi","Ascomycota","Dothideomycetes","Pleosporales","Pleosporales_fam_Incertae_sedis","Massariosphaeria","roumeguerei",0.000502301124258044,2,556,0.00338409475465313,7
"ASV_157","Fungi","Basidiomycota","Tremellomycetes","Filobasidiales","Filobasidiaceae","Filobasidium","magnum",0.00015523497706537,2,1662,0.00338409475465313,2
"ASV_16","Fungi","Ascomycota","Sordariomycetes","Hypocreales","Nectriaceae","Fusarium","petersiae",0.00791024993028271,6,7411.42498373135,0.0101522842639594,6
"ASV_161","Fungi","Ascomycota","Dothideomycetes","Capnodiales","Cladosporiaceae","Davidiellomyces","australiensis",0.000876532176815643,16,5878.41692918357,0.027072758037225,7
"ASV_164","Fungi","Basidiomycota","Agaricomycetes","Cantharellales","Ceratobasidiaceae","Ceratobasidium",NA,0.000239832515274861,2,1,0.00338409475465313,20
"ASV_165","Fungi","Ascomycota","Dothideomycetes","Pleosporales","Torulaceae","Torula",NA,1.48789186914999e-05,1,0,0.00169204737732657,10
"ASV_166","Fungi","Ascomycota","Dothideomycetes","Pleosporales","Phaeosphaeriaceae","Poaceicola","agrostina",0.000487533103623863,1,0,0.00169204737732657,7
"ASV_167","Fungi","Ascomycota","Dothideomycetes","Pleosporales","Phaeosphaeriaceae","Parastagonospora",NA,0.000748988412817319,8,7.15529388257539,0.0135363790186125,7
"ASV_168","Fungi","Basidiomycota","Tremellomycetes","Filobasidiales","Filobasidiaceae","Filobasidium","wieringae",0.000305982095879769,2,5128.08108727378,0.00338409475465313,6
"ASV_17","Fungi","Ascomycota","Dothideomycetes","Pleosporales","Didymosphaeriaceae","Pseudopithomyces","rosae",5.08898192407956e-05,9,152.886644586226,0.0152284263959391,4
"ASV_173","Fungi","Ascomycota","Dothideomycetes","Pleosporales","Phaeosphaeriaceae",NA,NA,4.42920796903098e-06,53,601.681924425675,0.089678510998308,5
"ASV_174","Fungi","Basidiomycota","Exobasidiomycetes","Entylomatales","Entylomataceae","Entyloma","polysporum",0.00014556281317262,1,0,0.00169204737732657,22
"ASV_175","Fungi","Ascomycota","Dothideomycetes","Pleosporales","Didymellaceae",NA,NA,7.02555704647122e-05,19,2005.59976134098,0.0321489001692047,9
"ASV_176","Fungi","Basidiomycota","Tremellomycetes","Tremellales","Bulleribasidiaceae","Dioszegia",NA,0.000399533010063041,1,0,0.00169204737732657,7
"ASV_177","Fungi","Basidiomycota","Microbotryomycetes","Sporidiobolales","Sporidiobolaceae","Sporobolomyces","patagonicus",1.6054972224898e-05,12,570.934608758688,0.0203045685279188,2
"ASV_179","Fungi","Basidiomycota","Tremellomycetes","Filobasidiales","Filobasidiaceae","Naganishia","adeliensis",9.50821575430053e-05,2,0,0.00338409475465313,3
"ASV_18","Fungi","Basidiomycota","Ustilaginomycetes","Ustilaginales","Ustilaginaceae","Ustilago","hordei",0.00344136557347215,3,139.632771619794,0.0050761421319797,7
"ASV_180","Fungi","Ascomycota","Dothideomycetes","Pleosporales","Pleosporaceae","Curvularia","inaequalis",0.000256006561025314,1,0,0.00169204737732657,11
"ASV_183","Fungi","Ascomycota","Sordariomycetes","Hypocreales","Nectriaceae","Fusarium","asiaticum",8.85841593806196e-06,53,601.681924425675,0.089678510998308,5
"ASV_185","Fungi","Ascomycota","Dothideomycetes","Capnodiales","Cladosporiaceae","Cladosporium",NA,1.71565803147844e-05,15,3296.77399934016,0.0253807106598985,2
"ASV_187","Fungi","Ascomycota","Dothideomycetes","Pleosporales","Phaeosphaeriaceae","Vagicola","chlamydospora",0.000173118364096165,4,558,0.00676818950930626,12
"ASV_188","Fungi","Basidiomycota","Agaricomycetes",NA,NA,NA,NA,0.000103226852745935,3,784.835906003592,0.0050761421319797,8
"ASV_191","Fungi","Ascomycota","Dothideomycetes","Pleosporales","Phaeosphaeriaceae",NA,NA,0.000191494465758252,1,0,0.00169204737732657,4
"ASV_194","Fungi","Ascomycota","Dothideomycetes","Pleosporales","Phaeosphaeriaceae","Septoriella","phragmitis",0.000465712330101559,4,3582,0.00676818950930626,6
"ASV_196","Fungi","Ascomycota","Sordariomycetes","Hypocreales","Nectriaceae","Fusarium",NA,2.28578036205416e-05,7,293.339750216539,0.011844331641286,4
"ASV_197","Fungi","Ascomycota","Dothideomycetes","Pleosporales","Phaeosphaeriaceae","Septoriella",NA,0.000286547725133164,2,1110,0.00338409475465313,6
"ASV_198","Fungi","Basidiomycota","Tremellomycetes","Filobasidiales","Filobasidiaceae","Filobasidium","floriforme",2.18712531072873e-05,2,0,0.00338409475465313,2
"ASV_199","Fungi","Ascomycota","Dothideomycetes","Pleosporales","Phaeosphaeriaceae","Piniphoma","wesendahlina",0.000193558250908389,1,0,0.00169204737732657,23
"ASV_2","Fungi","Ascomycota","Dothideomycetes","Pleosporales","Pleosporaceae","Alternaria",NA,0.177732828508914,1,0,0.00169204737732657,24
"ASV_201","Fungi","Basidiomycota","Ustilaginomycetes","Ustilaginales","Ustilaginaceae","Tranzscheliella","hypodytes",0.000406460239478255,3,1049.61353188379,0.0050761421319797,7
"ASV_205","Fungi","Basidiomycota","Tremellomycetes","Filobasidiales","Filobasidiaceae","Filobasidium","chernovii",0.000366377518246333,3,642.058848815348,0.0050761421319797,7
"ASV_206","Fungi","Ascomycota","Sordariomycetes","Hypocreales","Stachybotryaceae","Myrothecium",NA,0.000218628877745131,2,822,0.00338409475465313,6
"ASV_21","Fungi","Ascomycota","Dothideomycetes","Pleosporales","Phaeosphaeriaceae","Leptospora","rubella",1.93746352119464e-06,14,1780.01777667525,0.0236886632825719,11
"ASV_210","Fungi","Ascomycota","Dothideomycetes","Pleosporales","Massarinaceae","Pseudodidymosphaeria","phlei",0.000596303833227252,3,314.51888963936,0.0050761421319797,7
"ASV_211","Fungi","Ascomycota","Dothideomycetes","Pleosporales",NA,NA,NA,0.000323723113382753,2,177.824170482751,0.00338409475465313,7
"ASV_213","Fungi","Ascomycota","Dothideomycetes","Pleosporales","Sporormiaceae","Sporormiella","similis",5.72426379257659e-05,2,155.121822017683,0.00338409475465313,10
"ASV_216","Fungi","Ascomycota","Dothideomycetes","Pleosporales","Phaeosphaeriaceae",NA,NA,0.000138901100620703,7,3826.86447051802,0.011844331641286,6
"ASV_218","Fungi","Ascomycota","Dothideomycetes","Pleosporales","Didymellaceae","Didymella","keratinophila",0.000182684164418816,1,0,0.00169204737732657,5
"ASV_222","Fungi","Ascomycota","Sordariomycetes","Hypocreales","Nectriaceae",NA,NA,2.52749105003082e-05,15,3225.1647547594,0.0253807106598985,11
"ASV_224","Fungi","Basidiomycota","Microbotryomycetes","Sporidiobolales","Sporidiobolaceae","Rhodotorula","babjevae",1.04938825060893e-05,46,2065.04128082203,0.077834179357022,5
"ASV_227","Fungi","Ascomycota","Dothideomycetes","Dothideales","Aureobasidiaceae","Aureobasidium",NA,6.5289648622982e-05,19,678.000443953864,0.0321489001692047,9
"ASV_235","Fungi","Basidiomycota","Tremellomycetes","Tremellales","Bulleribasidiaceae","Vishniacozyma","victoriae",0.000200567769830993,3,911.312389036735,0.0050761421319797,6
"ASV_236","Fungi","Ascomycota","Dothideomycetes","Pleosporales","Phaeosphaeriaceae",NA,NA,0.000144718922364213,4,1329.72066360669,0.00676818950930626,6
"ASV_24","Fungi","Ascomycota","Dothideomycetes","Pleosporales","Didymellaceae","Ascochyta",NA,0.00265261584194959,1,0,0.00169204737732657,6
"ASV_240","Fungi","Ascomycota","Dothideomycetes","Pleosporales","Phaeosphaeriaceae","Phaeosphaeria","typharum",0.000411170736559309,2,0,0.00338409475465313,7
"ASV_241","Fungi","Basidiomycota","Agaricomycetes","Corticiales","Corticiaceae","Limonomyces",NA,5.41890466280277e-05,43,1119.24975618822,0.0727580372250423,5
"ASV_242","Fungi","Ascomycota","Dothideomycetes","Capnodiales","Cladosporiaceae","Cladosporium","grevilleae",0.000200985860192944,1,0,0.00169204737732657,8
"ASV_243","Fungi","Basidiomycota","Agaricomycetes","Cantharellales","Ceratobasidiaceae","Ceratobasidium",NA,0.000136462098318898,3,1110,0.0050761421319797,3
"ASV_244","Fungi","Ascomycota","Dothideomycetes","Capnodiales","Mycosphaerellaceae",NA,NA,1.91420776993668e-05,1,0,0.00169204737732657,10
"ASV_245","Fungi","Ascomycota","Dothideomycetes","Pleosporales","Phaeosphaeriaceae","Septoriella","hirta",0.000155910539597748,1,0,0.00169204737732657,23
"ASV_246","Fungi","Ascomycota","Dothideomycetes","Pleosporales","Didymosphaeriaceae","Kalmusia",NA,0.000270919661921143,1,0,0.00169204737732657,7
"ASV_249","Fungi","Ascomycota","Dothideomycetes","Pleosporales","Lentitheciaceae",NA,NA,0.000178226277674157,3,1662,0.0050761421319797,6
"ASV_25","Fungi","Basidiomycota","Tremellomycetes","Tremellales","Bulleribasidiaceae","Vishniacozyma","victoriae",0.00613505826367511,2,556,0.00338409475465313,6
"ASV_250","Fungi","Basidiomycota","Agaricomycetes","Cantharellales","Ceratobasidiaceae","Ceratobasidium",NA,0.000133254532737387,3,179.698434856782,0.0050761421319797,8
"ASV_251","Fungi","Ascomycota",NA,NA,NA,NA,NA,0.000497485745590863,1,0,0.00169204737732657,7
"ASV_258","Fungi","Basidiomycota","Tremellomycetes","Filobasidiales","Filobasidiaceae","Filobasidium",NA,0.000211747216556941,2,1398.37855818498,0.00338409475465313,11
"ASV_26","Fungi","Ascomycota","Dothideomycetes","Pleosporales","Phaeosphaeriaceae","Neosetophoma","rosarum",8.48091174075549e-05,1,0,0.00169204737732657,6
"ASV_260","Fungi","Basidiomycota","Agaricomycetes","Polyporales","Fomitopsidaceae","Fomitopsis","pinicola",3.78319562339763e-05,2,140.974204962412,0.00338409475465313,8
"ASV_263","Fungi","Ascomycota","Dothideomycetes","Pleosporales",NA,NA,NA,0.000367554082994689,1,0,0.00169204737732657,7
"ASV_264","Fungi","Ascomycota","Sordariomycetes","Hypocreales","Hypocreales_fam_Incertae_sedis","Acremonium","furcatum",2.59494750745561e-06,14,855.185618581099,0.0236886632825719,14
"ASV_268","Fungi","Ascomycota","Dothideomycetes","Capnodiales","Neodevriesiaceae","Neodevriesia","poagena",4.04077138325706e-06,3,144.528498631319,0.0050761421319797,10
"ASV_270","Fungi","Basidiomycota","Agaricomycetes","Polyporales","Phanerochaetaceae","Hyphodermella","rosae",2.29641227583246e-05,43,1625.56792417953,0.0727580372250423,5
"ASV_274","Fungi","Ascomycota","Sordariomycetes","Hypocreales","Clavicipitaceae","Claviceps","spartinae",0.000205985742978143,5,1731.28477151904,0.00846023688663283,15
"ASV_275","Fungi","Basidiomycota","Agaricomycetes",NA,NA,NA,NA,8.83922506566058e-05,1,0,0.00169204737732657,12
"ASV_28","Fungi","Basidiomycota","Ustilaginomycetes","Ustilaginales","Ustilaginaceae","Tranzscheliella","hypodytes",0.00389183291956328,5,56.540526191869,0.00846023688663283,7
"ASV_282","Fungi","Ascomycota","Dothideomycetes","Pleosporales","Morosphaeriaceae","Acrocalymma",NA,2.94290412842363e-06,13,1574.14240641187,0.0219966159052453,11
"ASV_284","Fungi","Basidiomycota","Agaricomycetes","Agaricales","Stephanosporaceae","Cristinia",NA,0.000101642719886466,4,109.398720568401,0.00676818950930626,9
"ASV_285","Fungi","Ascomycota","Dothideomycetes",NA,NA,NA,NA,0.000157592587344699,2,0,0.00338409475465313,12
"ASV_289","Fungi","Ascomycota","Eurotiomycetes","Eurotiales","Aspergillaceae","Penicillium","bialowiezense",2.31910515935963e-06,8,295.075864692131,0.0135363790186125,2
"ASV_29","Fungi","Ascomycota","Dothideomycetes","Dothideales",NA,NA,NA,0.00433329935946179,5,556.848484848485,0.00846023688663283,7
"ASV_290","Fungi","Basidiomycota","Ustilaginomycetes","Ustilaginales","Ustilaginaceae","Ustilago","hordei",0.000124250684887311,5,974.487500625735,0.00846023688663283,15
"ASV_292","Fungi","Ascomycota","Dothideomycetes","Pleosporales","Phaeosphaeriaceae","Parastagonospora",NA,0.000181950058236441,5,3818.24077284305,0.00846023688663283,6
"ASV_297","Fungi","Basidiomycota","Agaricomycetes",NA,NA,NA,NA,0.000277810684899423,1,0,0.00169204737732657,9
"ASV_299","Fungi","Ascomycota","Dothideomycetes","Dothideales","Aureobasidiaceae","Aureobasidium","leucospermi",2.23269878832855e-05,4,764.442527628869,0.00676818950930626,9
"ASV_3","Fungi","Ascomycota","Dothideomycetes","Capnodiales","Mycosphaerellaceae","Mycosphaerella","tassiana",0.265179989717558,1,0,0.00169204737732657,25
"ASV_30","Fungi","Basidiomycota","Exobasidiomycetes","Entylomatales","Entylomatales_fam_Incertae_sedis","Tilletiopsis","washingtonensis",0.000172231463691149,1,0,0.00169204737732657,6
"ASV_300","Fungi","Basidiomycota","Tremellomycetes","Tremellales","Bulleribasidiaceae","Hannaella","coprosmae",2.96646338976288e-06,7,247.778726893476,0.011844331641286,10
"ASV_302","Fungi","Ascomycota",NA,NA,NA,NA,NA,0.000182627535825337,9,1223.35247976733,0.0152284263959391,3
"ASV_305","Fungi","Ascomycota","Sordariomycetes","Xylariales","Microdochiaceae","Microdochium",NA,0.000185930826778981,2,556,0.00338409475465313,6
"ASV_307","Fungi","Ascomycota","Dothideomycetes","Pleosporales","Didymellaceae","Ascochyta","pisi",0.000225540906462294,1,0,0.00169204737732657,26
"ASV_31","Fungi","Ascomycota","Dothideomycetes","Pleosporales","Didymellaceae","Neoascochyta","triticicola",0.00396394512141085,2,0,0.00338409475465313,6
"ASV_311","Fungi","Basidiomycota","Tremellomycetes","Tremellales","Bulleribasidiaceae","Vishniacozyma","victoriae",0.000283801138097794,7,6983.04022317445,0.011844331641286,7
"ASV_315","Fungi","Ascomycota","Sordariomycetes","Diaporthales","Diaporthaceae","Diaporthe","novem",0.000297168203058705,2,0,0.00338409475465313,13
"ASV_316","Fungi","Basidiomycota","Tremellomycetes","Filobasidiales","Filobasidiaceae","Filobasidium","wieringae",0.000114391404629762,1,0,0.00169204737732657,11
"ASV_319","Fungi","Ascomycota","Leotiomycetes","Helotiales","Helotiaceae","Articulospora","proliferata",0.0002467774220999,2,0,0.00338409475465313,6
"ASV_32","Fungi","Ascomycota","Sordariomycetes","Hypocreales","Clavicipitaceae","Claviceps",NA,0.000697077724223859,3,3417.41108273874,0.0050761421319797,7
"ASV_320","Fungi","Ascomycota","Dothideomycetes","Botryosphaeriales","Botryosphaeriaceae","Tiarosporella","var._karoo",1.55946910976082e-05,3,338.091469182106,0.0050761421319797,9
"ASV_321","Fungi","Ascomycota","Sordariomycetes","Hypocreales","Stachybotryaceae","Alfaria",NA,9.10142952585109e-06,4,2778.46520234093,0.00676818950930626,2
"ASV_324","Fungi","Ascomycota","Dothideomycetes","Pleosporales","Phaeosphaeriaceae","Septoriella","hirta",0.000177402703337019,1,0,0.00169204737732657,3
"ASV_325","Fungi","Basidiomycota","Tremellomycetes","Tremellales","Bulleribasidiaceae","Dioszegia","hungarica",7.42982673699469e-05,2,101.001219115727,0.00338409475465313,11
"ASV_33","Fungi","Ascomycota","Dothideomycetes","Pleosporales","Phaeosphaeriaceae",NA,NA,4.77320876335201e-05,2,21.196224788091,0.00338409475465313,2
"ASV_331","Fungi","Ascomycota","Dothideomycetes","Pleosporales",NA,NA,NA,0.00022475376987996,2,1,0.00338409475465313,16
"ASV_333","Fungi","Ascomycota","Dothideomycetes","Capnodiales","Teratosphaeriaceae","Constantinomyces","minimus",0.000179476618571387,2,69.6085834304801,0.00338409475465313,11
"ASV_334","Fungi","Ascomycota","Dothideomycetes","Pleosporales","Phaeosphaeriaceae","Dematiopleospora","salsolae",7.409847511292e-05,2,103.949584212458,0.00338409475465313,2
"ASV_337","Fungi","Ascomycota","Sordariomycetes","Glomerellales","Plectosphaerellaceae","Lectera","longa",7.59062138580747e-05,4,187.851716545572,0.00676818950930626,12
"ASV_338","Fungi","Ascomycota","Dothideomycetes","Pleosporales","Pleosporaceae","Alternaria",NA,7.81108424098132e-06,10,902.349058908905,0.0169204737732657,9
"ASV_339","Fungi","Ascomycota","Eurotiomycetes","Eurotiales","Aspergillaceae","Aspergillus",NA,5.33777436160219e-06,12,639.947692000816,0.0203045685279188,2
"ASV_341","Fungi","Basidiomycota","Microbotryomycetes","Microbotryomycetes_ord_Incertae_sedis","Microbotryomycetes_fam_Incertae_sedis","Colacogloea","terpenoidalis",3.16486405013402e-05,43,1353.98289461426,0.0727580372250423,5
"ASV_342","Fungi","Ascomycota","Dothideomycetes","Pleosporales","Phaeosphaeriaceae",NA,NA,1.17572110422598e-05,13,683.8976273139,0.0219966159052453,14
"ASV_343","Fungi","Basidiomycota","Agaricomycetes","Agaricales","Schizophyllaceae","Schizophyllum","commune",1.43351603495199e-06,9,152.886644586226,0.0152284263959391,4
"ASV_346","Fungi","Ascomycota","Dothideomycetes","Pleosporales","Pleosporaceae","Pyrenophora","tritici-repentis",0.000245067137762669,11,513.487988681715,0.0186125211505922,11
"ASV_349","Fungi","Ascomycota","Dothideomycetes","Pleosporales","Phaeosphaeriaceae","Parastagonospora",NA,0.000129035554575277,1,0,0.00169204737732657,10
"ASV_35","Fungi","Ascomycota","Dothideomycetes","Pleosporales","Didymellaceae","Neoascochyta","europaea",0.0041185226096263,3,556,0.0050761421319797,6
"ASV_354","Fungi","Ascomycota","Dothideomycetes","Pleosporales","Pleosporaceae","Alternaria",NA,0.000130901468985806,47,3321.08233757349,0.0795262267343486,5
"ASV_355","Fungi","Basidiomycota","Cystobasidiomycetes","Cystobasidiomycetes_ord_Incertae_sedis","Symmetrosporaceae","Symmetrospora","gracilis",6.07345623228088e-05,1,0,0.00169204737732657,18
"ASV_372","Fungi","Ascomycota","Dothideomycetes","Pleosporales","Phaeosphaeriaceae","Parastagonospora","forlicesenica",0.000237039964244559,1,0,0.00169204737732657,3
"ASV_373","Fungi","Basidiomycota","Agaricostilbomycetes","Agaricostilbales","Kondoaceae","Kondoa","sorbi",9.95948772916175e-05,3,875.242821987785,0.0050761421319797,12
"ASV_376","Fungi","Ascomycota","Leotiomycetes","Rhytismatales","Rhytismataceae","Lophodermium","herbarum",2.17080343017876e-05,6,1155.9915775043,0.0101522842639594,5
"ASV_377","Fungi","Basidiomycota","Agaricomycetes","Agaricales","Marasmiaceae","Marasmius","oreades",9.73366373357127e-05,5,2020.14560859707,0.00846023688663283,7
"ASV_378","Fungi","Basidiomycota","Tremellomycetes","Filobasidiales","Piskurozymaceae","Solicoccozyma",NA,9.6873176059732e-07,14,1780.01777667525,0.0236886632825719,11
"ASV_379","Fungi","Ascomycota","Dothideomycetes","Pleosporales","Phaeosphaeriaceae","Parastagonospora",NA,5.12707934263443e-05,4,74.3148121714135,0.00676818950930626,14
"ASV_38","Fungi","Ascomycota","Sordariomycetes","Hypocreales","Nectriaceae","Gibberella","intricans",0.00190606053540427,1,0,0.00169204737732657,6
"ASV_380","Fungi","Ascomycota","Dothideomycetes","Pleosporales","Phaeosphaeriaceae","Sclerostagonospora",NA,0.000131867944145352,1,0,0.00169204737732657,6
"ASV_381","Fungi","Ascomycota","Dothideomycetes","Pleosporales","Phaeosphaeriaceae","Juncaceicola","dactylidis",0.000162513649420995,5,2159.54018544213,0.00846023688663283,12
"ASV_384","Fungi","Basidiomycota","Agaricomycetes","Hymenochaetales","Schizoporaceae","Oxyporus","corticola",5.54386468536125e-05,1,0,0.00169204737732657,12
"ASV_385","Fungi","Ascomycota","Dothideomycetes","Capnodiales","Teratosphaeriaceae","Devriesia","pseudoamericana",0.000155933173400206,1,0,0.00169204737732657,12
"ASV_386","Fungi","Ascomycota","Dothideomycetes","Pleosporales","Pleosporaceae","Curvularia","inaequalis",7.63886501743571e-06,9,329.437947767075,0.0152284263959391,4
"ASV_388","Fungi","Ascomycota","Dothideomycetes","Pleosporales","Phaeosphaeriaceae","Neosetophoma","samararum",0.000138084236044866,1,0,0.00169204737732657,27
"ASV_39","Fungi","Ascomycota","Dothideomycetes","Pleosporales","Pleosporaceae","Bipolaris","drechsleri",1.43990259150795e-05,11,1353.11836911737,0.0186125211505922,2
"ASV_390","Fungi","Ascomycota","Eurotiomycetes","Eurotiales","Aspergillaceae","Penicillium",NA,1.15681160971038e-05,3,942.453952232841,0.0050761421319797,9
"ASV_391","Fungi","Ascomycota","Dothideomycetes","Pleosporales","Pleosporaceae","Neocamarosporium","lamiacearum",6.85195578709648e-05,2,208.537736285564,0.00338409475465313,2
"ASV_393","Fungi","Ascomycota","Dothideomycetes","Pleosporales","Phaeosphaeriaceae",NA,NA,5.15675725475181e-05,1,0,0.00169204737732657,28
"ASV_394","Fungi","Ascomycota","Sordariomycetes","Hypocreales","Stachybotryaceae","Myxospora",NA,0.000118620520672486,1,0,0.00169204737732657,6
"ASV_395","Fungi","Basidiomycota","Agaricomycetes","Polyporales",NA,NA,NA,1.47640265634366e-05,53,601.681924425675,0.089678510998308,5
"ASV_397","Fungi","Ascomycota","Dothideomycetes","Pleosporales","Phaeosphaeriaceae",NA,NA,4.5390959181457e-05,1,0,0.00169204737732657,4
"ASV_399","Fungi","Ascomycota","Dothideomycetes","Pleosporales","Phaeosphaeriaceae","Parastagonospora","forlicesenica",8.94467871050099e-05,3,41.2346813493487,0.0050761421319797,2
"ASV_403","Fungi","Basidiomycota","Ustilaginomycetes","Ustilaginales","Ustilaginaceae","Tranzscheliella","hypodytes",0.000224159753205713,4,209.408704138313,0.00676818950930626,2
"ASV_404","Fungi","Ascomycota","Dothideomycetes","Pleosporales","Pleosporaceae","Curvularia",NA,5.05099293050402e-06,9,464.873238261127,0.0152284263959391,4
"ASV_405","Fungi","Basidiomycota","Tremellomycetes","Tremellales","Bulleribasidiaceae","Vishniacozyma","victoriae",0.00015070179376527,6,765.628892081347,0.0101522842639594,11
"ASV_406","Fungi","Ascomycota",NA,NA,NA,NA,NA,0.000204576369079442,2,551.870157492777,0.00338409475465313,14
"ASV_411","Fungi","Basidiomycota","Agaricomycetes","Corticiales","Corticiaceae","Limonomyces",NA,1.14681282796159e-05,9,152.886644586226,0.0152284263959391,4
"ASV_416","Fungi","Basidiomycota","Malasseziomycetes","Malasseziales","Malasseziaceae","Malassezia","restricta",4.22935211498982e-05,5,665.3987205684,0.00846023688663283,9
"ASV_417","Fungi","Ascomycota","Dothideomycetes","Pleosporales","Phaeosphaeriaceae","Parastagonospora",NA,0.000174433472670378,1,0,0.00169204737732657,10
"ASV_419","Fungi","Ascomycota","Dothideomycetes","Pleosporales","Leptosphaeriaceae","Alternariaster","centaureae-diffusae",4.69061142684596e-05,1,0,0.00169204737732657,11
"ASV_42","Fungi","Basidiomycota","Tremellomycetes","Cystofilobasidiales","Mrakiaceae","Udeniomyces","puniceus",0.00561650803891343,1,0,0.00169204737732657,6
"ASV_421","Fungi","Ascomycota","Dothideomycetes","Pleosporales","Phaeosphaeriaceae","Paraphoma","rhaphiolepidis",2.40787730763502e-05,2,247.919661684569,0.00338409475465313,10
"ASV_429","Fungi","Ascomycota","Dothideomycetes","Pleosporales","Phaeosphaeriaceae","Parastagonospora",NA,0.000162639079807588,1,0,0.00169204737732657,22
"ASV_43","Fungi","Basidiomycota","Ustilaginomycetes","Ustilaginales","Ustilaginaceae","Pseudozyma","prolifica",1.03651315785029e-05,22,2601.53527380993,0.0372250423011844,9
"ASV_430","Fungi","Basidiomycota","Agaricomycetes",NA,NA,NA,NA,0.00018149479876849,4,510.132248001923,0.00676818950930626,10
"ASV_431","Fungi","Basidiomycota","Exobasidiomycetes","Entylomatales",NA,NA,NA,1.37923324803628e-05,56,8195.78932496246,0.0947546531302876,5
"ASV_44","Fungi","Ascomycota","Sordariomycetes","Chaetosphaeriales","Chaetosphaeriaceae","Dinemasporium","morbidum",0.00148317487160757,2,556,0.00338409475465313,6
"ASV_440","Fungi","Ascomycota","Dothideomycetes","Pleosporales","Pleosporaceae","Pyrenophora","bromi",0.000210878954848543,9,464.873238261127,0.0152284263959391,4
"ASV_441","Fungi","Ascomycota","Dothideomycetes","Pleosporales",NA,NA,NA,0.000111881464834802,1,0,0.00169204737732657,7
"ASV_443","Fungi","Basidiomycota","Tremellomycetes","Tremellales","Bulleribasidiaceae","Dioszegia","rishiriensis",9.39086442711656e-05,1,0,0.00169204737732657,16
"ASV_446","Fungi","Ascomycota","Dothideomycetes","Pleosporales","Didymosphaeriaceae","Paraphaeosphaeria","michotii",4.9768396416882e-05,2,0,0.00338409475465313,4
"ASV_448","Fungi","Ascomycota","Dothideomycetes","Pleosporales","Phaeosphaeriaceae","Ophiosphaerella","aquatica",2.96771130104463e-06,19,678.000443953864,0.0321489001692047,9
"ASV_449","Fungi","Ascomycota","Dothideomycetes","Pleosporales","Pleosporaceae","Alternaria",NA,5.59460294811052e-05,1,0,0.00169204737732657,4
"ASV_45","Fungi","Ascomycota","Dothideomycetes","Pleosporales","Massarinaceae","Pseudodidymosphaeria","phlei",0.00445726625820902,11,161.884563545464,0.0186125211505922,7
"ASV_452","Fungi","Ascomycota","Dothideomycetes","Pleosporales","Phaeosphaeriaceae","Septoriella","leuchtmannii",2.26584129353999e-05,4,819.270134465023,0.00676818950930626,4
"ASV_453","Fungi","Ascomycota","Leotiomycetes","Erysiphales","Erysiphaceae","Podosphaera","astericola",2.77835179887274e-05,3,719.377429663236,0.0050761421319797,4
"ASV_455","Fungi","Ascomycota","Dothideomycetes","Pleosporales","Pleosporaceae","Bipolaris",NA,7.39994534298768e-05,7,1722.01987384053,0.011844331641286,15
"ASV_456","Fungi","Basidiomycota","Agaricomycetes","Cantharellales","Ceratobasidiaceae","Ceratobasidium",NA,5.54062014242136e-05,6,401.869597008281,0.0101522842639594,5
"ASV_458","Fungi","Ascomycota","Dothideomycetes","Pleosporales",NA,NA,NA,6.67403046155929e-05,9,6718.60836255418,0.0152284263959391,12
"ASV_459","Fungi","Basidiomycota","Agaricomycetes","Agaricales","Omphalotaceae","Gymnopus","androsaceus",5.09366560166358e-05,1,0,0.00169204737732657,15
"ASV_460","Fungi","Basidiomycota","Agaricomycetes","Agaricales","Schizophyllaceae","Schizophyllum","commune",1.11289173789174e-06,19,678.000443953864,0.0321489001692047,9
"ASV_462","Fungi","Ascomycota","Dothideomycetes","Pleosporales","Phaeosphaeriaceae","Phaeosphaeria",NA,7.66888311917786e-05,1,0,0.00169204737732657,6
"ASV_463","Fungi","Ascomycota","Lecanoromycetes","Ostropales","Stictidaceae","Neofitzroyomyces","nerii",8.27939861058944e-05,4,12986.3153665793,0.00676818950930626,6
"ASV_464","Fungi","Ascomycota","Dothideomycetes","Capnodiales","Cladosporiaceae","Davidiellomyces","australiensis",0.000219615492990299,3,0.2,0.0050761421319797,7
"ASV_467","Fungi","Basidiomycota","Agaricomycetes","Auriculariales",NA,NA,NA,1.89187633758624e-05,4,191.186079646638,0.00676818950930626,5
"ASV_468","Fungi","Ascomycota","Dothideomycetes","Pleosporales","Lophiostomataceae",NA,NA,0.000157548390893615,1,0,0.00169204737732657,1
"ASV_47","Fungi","Ascomycota","Dothideomycetes","Pleosporales","Phaeosphaeriaceae","Dematiopleospora",NA,0.00371359243676613,13,831.111607368995,0.0219966159052453,7
"ASV_471","Fungi","Ascomycota","Dothideomycetes","Pleosporales","Sporormiaceae","Sporormiella","intermedia",3.82756210378054e-05,4,201.397302630468,0.00676818950930626,11
"ASV_472","Fungi","Ascomycota","Eurotiomycetes","Eurotiales","Aspergillaceae","Aspergillus",NA,3.25647747933413e-05,1,0,0.00169204737732657,9
"ASV_474","Fungi","Basidiomycota","Tremellomycetes","Filobasidiales","Filobasidiaceae","Naganishia","liquefaciens",2.48891000188131e-05,46,7412.85213095809,0.077834179357022,5
"ASV_48","Fungi","Ascomycota","Dothideomycetes","Pleosporales","Massarinaceae","Pseudodidymosphaeria","phlei",0.00476395682137026,7,556,0.011844331641286,7
"ASV_481","Fungi","Ascomycota","Dothideomycetes",NA,NA,NA,NA,1.0733359977321e-05,9,464.873238261127,0.0152284263959391,4
"ASV_482","Fungi","Basidiomycota","Agaricomycetes","Cantharellales","Ceratobasidiaceae",NA,NA,7.0148725791822e-06,14,1985.49682333047,0.0236886632825719,2
"ASV_486","Fungi","Ascomycota","Leotiomycetes","Helotiales","Helotiaceae","Articulospora",NA,3.55202988948448e-05,3,382.389131238993,0.0050761421319797,11
"ASV_487","Fungi","Ascomycota","Dothideomycetes","Pleosporales","Pleosporaceae","Alternaria","nepalensis",5.49139735595948e-05,3,44.4380052293607,0.0050761421319797,10
"ASV_49","Fungi","Ascomycota","Dothideomycetes","Capnodiales","Teratosphaeriaceae","Constantinomyces","minimus",0.00326825101179404,8,611.163093630778,0.0135363790186125,7
"ASV_491","Fungi","Ascomycota","Eurotiomycetes","Chaetothyriales","Trichomeriaceae","Knufia","tsunedae",8.00078637266238e-06,43,7502.00405723276,0.0727580372250423,5
"ASV_492","Fungi","Basidiomycota","Microbotryomycetes","Sporidiobolales","Sporidiobolaceae","Sporobolomyces","roseus",3.43115527347681e-05,11,982.562634585068,0.0186125211505922,11
"ASV_493","Fungi","Basidiomycota","Ustilaginomycetes","Ustilaginales",NA,NA,NA,0.000115926286644464,1,0,0.00169204737732657,19
"ASV_495","Fungi","Basidiomycota","Agaricomycetes","Russulales",NA,NA,NA,0.000113640737545504,4,527.26057084749,0.00676818950930626,12
"ASV_496","Fungi","Basidiomycota","Tremellomycetes","Filobasidiales","Filobasidiaceae","Filobasidium","wieringae",8.12256470530663e-05,2,0,0.00338409475465313,5
"ASV_498","Fungi","Basidiomycota","Agaricomycetes","Agaricales","Psathyrellaceae","Coprinopsis","friesii",5.99248505393257e-05,3,892.74102344396,0.0050761421319797,12
"ASV_500","Fungi","Basidiomycota","Agaricomycetes","Corticiales",NA,NA,NA,4.71112111578201e-05,1,0,0.00169204737732657,5
"ASV_507","Fungi","Ascomycota","Dothideomycetes","Capnodiales","Cladosporiaceae","Rachicladosporium",NA,0.000149329404438934,1,0,0.00169204737732657,3
"ASV_509","Fungi","Ascomycota","Dothideomycetes","Pleosporales","Phaeosphaeriaceae","Phaeosphaeria","typharum",0.000136084253579467,1,0,0.00169204737732657,4
"ASV_51","Fungi","Basidiomycota","Tremellomycetes","Tremellales","Tremellaceae","Bulleromyces","albus",3.49504058874478e-06,6,1097.09884181003,0.0101522842639594,2
"ASV_510","Fungi","Ascomycota","Dothideomycetes","Capnodiales","Dissoconiaceae","Dissoconium","proteae",6.22945936545368e-05,2,61.4324943943836,0.00338409475465313,8
"ASV_511","Fungi","Ascomycota","Dothideomycetes","Pleosporales","Pleosporaceae","Pyrenophora","tritici-repentis",0.000222093782444423,12,570.934608758688,0.0203045685279188,2
"ASV_513","Fungi","Ascomycota","Dothideomycetes","Capnodiales","Cladosporiaceae","Cladosporium","halotolerans",2.54136597234463e-05,4,97.1469930940674,0.00676818950930626,14
"ASV_515","Fungi","Ascomycota","Dothideomycetes","Pleosporales","Pleosporaceae","Comoclathris",NA,2.93870787165158e-05,9,152.886644586226,0.0152284263959391,4
"ASV_518","Fungi","Ascomycota","Dothideomycetes","Pleosporales","Pleosporaceae",NA,NA,1.40258252352648e-05,53,601.681924425675,0.089678510998308,5
"ASV_520","Fungi","Ascomycota","Dothideomycetes",NA,NA,NA,NA,0.000141866377828005,1,0,0.00169204737732657,3
"ASV_524","Fungi","Ascomycota","Dothideomycetes","Pleosporales","Pleosporaceae","Comoclathris","rosae",6.05307366229345e-05,3,515.296763622718,0.0050761421319797,9
"ASV_527","Fungi","Ascomycota","Leotiomycetes","Helotiales","Sclerotiniaceae","Botrytis",NA,9.63968244131843e-06,5,370.069149760945,0.00846023688663283,2
"ASV_53","Fungi","Ascomycota","Leotiomycetes","Helotiales","Helotiaceae","Articulospora","proliferata",0.00337569072909576,4,8465.22189799631,0.00676818950930626,6
"ASV_533","Fungi","Ascomycota","Sordariomycetes","Hypocreales","Stachybotryaceae","Paramyrothecium",NA,3.38664097571947e-05,5,1111.98324100844,0.00846023688663283,9
"ASV_534","Fungi","Basidiomycota","Cystobasidiomycetes","Cystobasidiomycetes_ord_Incertae_sedis","Symmetrosporaceae","Symmetrospora","symmetrica",1.2974737537278e-06,14,855.185618581099,0.0236886632825719,14
"ASV_535","Fungi","Ascomycota","Dothideomycetes","Capnodiales","Cladosporiaceae","Cladosporium","grevilleae",7.10782604265037e-05,1,0,0.00169204737732657,2
"ASV_536","Fungi","Ascomycota","Sordariomycetes","Hypocreales","Nectriaceae","Fusarium","asiaticum",3.3279585035338e-05,12,1299.82365972583,0.0203045685279188,14
"ASV_54","Fungi","Ascomycota","Dothideomycetes","Pleosporales","Phaeosphaeriaceae","Neosetophoma","rosigena",2.75387927074148e-05,2,0,0.00338409475465313,10
"ASV_541","Fungi","Basidiomycota","Agaricomycetes","Hymenochaetales","Hymenochaetales_fam_Incertae_sedis","Trichaptum","abietinum",2.73134491423577e-05,53,601.681924425675,0.089678510998308,5
"ASV_546","Fungi","Ascomycota","Leotiomycetes","Helotiales","Sclerotiniaceae","Botrytis","cinerea",2.53473482837166e-05,10,2521.21775848938,0.0169204737732657,10
"ASV_547","Fungi","Ascomycota","Dothideomycetes","Pleosporales","Lentitheciaceae","Keissleriella","quadriseptata",8.59594408275188e-05,1,0,0.00169204737732657,11
"ASV_549","Fungi","Ascomycota","Dothideomycetes","Pleosporales","Phaeosphaeriaceae","Italica","achilleae",7.00163589930106e-05,4,0,0.00676818950930626,15
"ASV_55","Fungi","Ascomycota","Dothideomycetes","Dothideales","Aureobasidiaceae","Aureobasidium","leucospermi",0.000536902597619246,1,0,0.00169204737732657,21
"ASV_551","Fungi","Ascomycota","Dothideomycetes","Pleosporales","Phaeosphaeriaceae","Vagicola","chlamydospora",6.65808162855824e-05,1,0,0.00169204737732657,24
"ASV_553","Fungi","Basidiomycota","Ustilaginomycetes","Ustilaginales","Ustilaginaceae","Moesziomyces","rugulosus",5.13643077206238e-05,22,2263.22984137936,0.0372250423011844,9
"ASV_557","Fungi","Ascomycota","Dothideomycetes","Pleosporales","Phaeosphaeriaceae","Dematiopleospora","salsolae",4.13392743776225e-05,53,601.681924425675,0.089678510998308,5
"ASV_562","Fungi","Basidiomycota","Agaricomycetes","Agaricales",NA,NA,NA,1.41510422408533e-05,5,809.482218276069,0.00846023688663283,5
"ASV_563","Fungi","Basidiomycota","Tremellomycetes","Tremellales","Bulleribasidiaceae","Vishniacozyma","globispora",1.06330782913555e-05,11,513.487988681715,0.0186125211505922,11
"ASV_565","Fungi","Ascomycota","Dothideomycetes","Capnodiales","Cladosporiaceae","Cladosporium",NA,5.53650996128872e-05,53,601.681924425675,0.089678510998308,5
"ASV_566","Fungi","Ascomycota","Sordariomycetes","Hypocreales","Clavicipitaceae","Claviceps","spartinae",1.41839441432548e-05,16,2361.721610554,0.027072758037225,4
"ASV_567","Fungi","Basidiomycota","Tremellomycetes","Filobasidiales","Filobasidiaceae","Filobasidium","floriforme",3.14646881947751e-05,12,2451.03326753073,0.0203045685279188,2
"ASV_568","Fungi","Ascomycota","Dothideomycetes","Pleosporales",NA,NA,NA,3.51948780762098e-05,12,3042.84847726285,0.0203045685279188,10
"ASV_57","Fungi","Ascomycota","Dothideomycetes","Pleosporales","Phaeosphaeriaceae","Dematiopleospora","rosicola",0.00200317300440104,15,1881.2207854633,0.0253807106598985,7
"ASV_571","Fungi","Ascomycota","Dothideomycetes","Pleosporales",NA,NA,NA,7.5037093318816e-05,1,0,0.00169204737732657,26
"ASV_574","Fungi","Ascomycota","Dothideomycetes","Pleosporales","Phaeosphaeriaceae",NA,NA,3.51322818241383e-06,7,97.1469930940674,0.011844331641286,14
"ASV_575","Fungi","Ascomycota","Dothideomycetes","Pleosporales","Sporormiaceae","Preussia","africana",2.60355385615836e-05,13,2234.76456316166,0.0219966159052453,10
"ASV_576","Fungi","Ascomycota","Dothideomycetes","Pleosporales","Phaeosphaeriaceae","Parastagonospora",NA,7.8016476402553e-05,1,0,0.00169204737732657,10
"ASV_577","Fungi","Ascomycota","Sordariomycetes","Hypocreales","Clavicipitaceae","Claviceps","spartinae",4.6044197367774e-05,3,33.7751916229291,0.0050761421319797,10
"ASV_579","Fungi","Ascomycota","Sordariomycetes","Xylariales",NA,NA,NA,3.46049526812886e-05,9,454.936930099845,0.0152284263959391,2
"ASV_58","Fungi","Ascomycota","Dothideomycetes","Pleosporales","Phaeosphaeriaceae","Neosetophoma","rosarum",8.10382988746291e-06,5,1608.03092189506,0.00846023688663283,9
"ASV_581","Fungi","Basidiomycota","Agaricomycetes","Corticiales","Corticiaceae",NA,NA,7.05721792985896e-05,6,495.111024530737,0.0101522842639594,2
"ASV_587","Fungi","Basidiomycota","Agaricomycetes","Corticiales","Corticiaceae","Limonomyces",NA,1.52777300348714e-06,9,329.437947767075,0.0152284263959391,4
"ASV_588","Fungi","Ascomycota","Dothideomycetes","Pleosporales","Phaeosphaeriaceae",NA,NA,5.82776314298948e-05,1,0,0.00169204737732657,3
"ASV_593","Fungi","Ascomycota","Dothideomycetes","Pleosporales",NA,NA,NA,0.000130525421716777,3,0,0.0050761421319797,6
"ASV_596","Fungi","Ascomycota","Sordariomycetes","Chaetosphaeriales","Chaetosphaeriaceae","Dinemasporium","morbidum",3.7430438585435e-05,9,329.437947767075,0.0152284263959391,4
"ASV_6","Fungi","Ascomycota","Dothideomycetes","Capnodiales","Mycosphaerellaceae","Mycosphaerella","tassiana",0.113816562087664,1,0,0.00169204737732657,25
"ASV_60","Fungi","Ascomycota","Dothideomycetes","Pleosporales","Phaeosphaeriaceae","Sclerostagonospora",NA,0.000685973137318585,1,0,0.00169204737732657,6
"ASV_600","Fungi","Basidiomycota","Agaricomycetes","Polyporales","Polyporaceae","Trametes","versicolor",9.51486438329917e-06,13,3278.43280481002,0.0219966159052453,10
"ASV_603","Fungi","Ascomycota","Dothideomycetes","Pleosporales","Pleosporaceae","Comoclathris",NA,0.000110126788741556,5,1110,0.00846023688663283,12
"ASV_604","Fungi","Ascomycota","Dothideomycetes","Pleosporales","Pleosporaceae","Comoclathris","rosae",3.11609686609687e-05,19,678.000443953864,0.0321489001692047,9
"ASV_606","Fungi","Basidiomycota","Agaricomycetes","Agaricales","Psathyrellaceae","Coprinopsis","strossmayeri",2.39114892314608e-06,16,4093.8263131606,0.027072758037225,2
"ASV_609","Fungi","Ascomycota","Dothideomycetes",NA,NA,NA,NA,7.19443461811883e-05,3,2,0.0050761421319797,13
"ASV_61","Fungi","Ascomycota","Dothideomycetes","Dothideales","Aureobasidiaceae","Aureobasidium","pullulans",0.00237693606566774,2,556,0.00338409475465313,6
"ASV_611","Fungi","Basidiomycota","Tremellomycetes","Tremellales","Bulleribasidiaceae","Vishniacozyma","carnescens",1.18017266999046e-05,7,197.636996684986,0.011844331641286,2
"ASV_613","Fungi","Ascomycota","Sordariomycetes","Xylariales","Microdochiaceae","Microdochium","seminicola",2.92769015201153e-06,7,97.1469930940674,0.011844331641286,14
"ASV_614","Fungi","Basidiomycota","Agaricomycetes","Agaricales","Omphalotaceae","Gymnopus","dryophilus",1.79474628813836e-05,25,2621.37465212283,0.0423011844331641,3
"ASV_615","Fungi","Ascomycota","Dothideomycetes","Pleosporales","Massarinaceae","Pseudodidymosphaeria","phlei",5.94466633941573e-05,13,1574.14240641187,0.0219966159052453,11
"ASV_617","Fungi","Ascomycota","Sordariomycetes","Hypocreales","Hypocreales_fam_Incertae_sedis","Sarocladium","bactrocephalum",5.44870258932201e-05,1,0,0.00169204737732657,12
"ASV_618","Fungi","Basidiomycota","Pucciniomycetes","Helicobasidiales","Helicobasidiaceae",NA,NA,7.03346920431397e-06,2,11.8921121405567,0.00338409475465313,11
"ASV_62","Fungi","Ascomycota","Taphrinomycetes","Taphrinales","Taphrinaceae","Taphrina",NA,7.41927825261159e-07,19,678.000443953864,0.0321489001692047,9
"ASV_624","Fungi","Ascomycota","Dothideomycetes","Pleosporales","Phaeosphaeriaceae","Piniphoma","wesendahlina",1.56099397770441e-05,6,721.947865879673,0.0101522842639594,9
"ASV_627","Fungi","Basidiomycota","Microbotryomycetes","Sporidiobolales","Sporidiobolaceae","Sporobolomyces","ruberrimus",2.96771130104463e-06,19,678.000443953864,0.0321489001692047,9
"ASV_63","Fungi","Ascomycota","Dothideomycetes","Pleosporales","Pleosporaceae","Bipolaris","axonopicola",1.94621063059171e-06,14,855.185618581099,0.0236886632825719,14
"ASV_633","Fungi","Basidiomycota","Agaricomycetes",NA,NA,NA,NA,1.46366153428384e-05,4,242.795786428146,0.00676818950930626,9
"ASV_636","Fungi","Ascomycota","Eurotiomycetes","Verrucariales","Verrucariaceae",NA,NA,9.20295172567454e-06,14,1780.01777667525,0.0236886632825719,11
"ASV_638","Fungi","Basidiomycota","Tremellomycetes","Cystofilobasidiales","Mrakiaceae","Itersonilia","perplexans",5.01976903156844e-05,53,601.681924425675,0.089678510998308,5
"ASV_640","Fungi","Basidiomycota","Agaricomycetes",NA,NA,NA,NA,1.75492734471135e-05,2,556,0.00338409475465313,3
"ASV_641","Fungi","Ascomycota","Dothideomycetes","Pleosporales","Phaeosphaeriaceae",NA,NA,1.8031363614304e-05,2,556,0.00338409475465313,11
"ASV_643","Fungi","Ascomycota","Dothideomycetes","Pleosporales","Pleosporaceae","Neocamarosporium","lamiacearum",0.000101637411560711,1,0,0.00169204737732657,4
"ASV_644","Fungi","Ascomycota","Dothideomycetes","Pleosporales","Teichosporaceae","Teichospora","viticola",3.76024433795383e-05,2,556,0.00338409475465313,6
"ASV_646","Fungi","Basidiomycota","Agaricomycetes",NA,NA,NA,NA,2.42966533115108e-05,13,1229.93279238835,0.0219966159052453,2
"ASV_647","Fungi","Basidiomycota","Malasseziomycetes","Malasseziales",NA,NA,NA,1.69005000083417e-05,5,233.684623479062,0.00846023688663283,5
"ASV_648","Fungi","Ascomycota","Dothideomycetes","Pleosporales","Pleosporaceae","Comoclathris","lini",5.77204127533671e-05,2,169.363416687325,0.00338409475465313,3
"ASV_651","Fungi","Ascomycota","Dothideomycetes","Pleosporales",NA,NA,NA,5.61924027871432e-05,12,570.934608758688,0.0203045685279188,2
"ASV_653","Fungi","Ascomycota","Dothideomycetes","Capnodiales","Cladosporiaceae","Cladosporium","grevilleae",4.82253086419753e-06,19,678.000443953864,0.0321489001692047,9
"ASV_655","Fungi","Ascomycota","Dothideomycetes","Pleosporales",NA,NA,NA,4.0285594457335e-05,1,0,0.00169204737732657,6
"ASV_657","Fungi","Basidiomycota","Exobasidiomycetes","Entylomatales","Entylomataceae","Entyloma","gaillardianum",2.68442683460441e-06,11,1325.09310598983,0.0186125211505922,2
"ASV_66","Fungi","Basidiomycota","Tremellomycetes","Filobasidiales","Filobasidiaceae","Filobasidium",NA,0.0016686831281967,1,0,0.00169204737732657,6
"ASV_660","Fungi","Basidiomycota","Tremellomycetes","Tremellales","Bulleribasidiaceae","Vishniacozyma","victoriae",8.15777432184793e-06,7,247.778726893476,0.011844331641286,10
"ASV_663","Fungi","Ascomycota","Dothideomycetes","Pleosporales","Didymellaceae","Didymella",NA,5.56585238246311e-06,8,295.075864692131,0.0135363790186125,2
"ASV_664","Fungi","Ascomycota","Dothideomycetes","Pleosporales","Pleosporaceae","Alternaria","nepalensis",9.41729321095561e-06,13,1574.14240641187,0.0219966159052453,11
"ASV_665","Fungi","Ascomycota","Dothideomycetes","Pleosporales","Phaeosphaeriaceae","Leptospora","rubella",1.3422134173022e-06,11,1325.09310598983,0.0186125211505922,2
"ASV_668","Fungi","Ascomycota","Dothideomycetes","Pleosporales","Pleosporaceae","Neocamarosporium","lamiacearum",3.06499759215078e-05,43,1625.56792417953,0.0727580372250423,5
"ASV_676","Fungi","Ascomycota","Dothideomycetes","Pleosporales","Dictyosporiaceae","Pseudocoleophoma","polygonicola",2.42860132144857e-05,4,616.878536764168,0.00676818950930626,11
"ASV_677","Fungi","Ascomycota","Dothideomycetes","Pleosporales","Lentitheciaceae","Keissleriella","poagena",1.72344793301683e-05,18,2495.30490408035,0.0304568527918782,3
"ASV_678","Fungi","Ascomycota","Dothideomycetes","Capnodiales","Teratosphaeriaceae","Constantinomyces","minimus",5.32889316645713e-05,22,2263.22984137936,0.0372250423011844,9
"ASV_68","Fungi","Basidiomycota","Tremellomycetes","Tremellales","Bulleribasidiaceae","Vishniacozyma",NA,0.00244740797579528,6,5213.48047610115,0.0101522842639594,6
"ASV_681","Fungi","Ascomycota","Dothideomycetes","Pleosporales","Pleosporaceae","Curvularia","inaequalis",0.000112206601882118,53,601.681924425675,0.089678510998308,5
"ASV_682","Fungi","Ascomycota","Dothideomycetes","Pleosporales","Sporormiaceae","Sporormiella","vexans",3.81171827018507e-05,15,4492.55770743191,0.0253807106598985,11
"ASV_685","Fungi","Ascomycota","Dothideomycetes","Capnodiales","Cladosporiaceae",NA,NA,4.96185585095816e-05,1,0,0.00169204737732657,6
"ASV_686","Fungi","Basidiomycota","Agaricomycetes","Polyporales","Fomitopsidaceae","Cinereomyces","lindbladii",6.64381195354647e-06,53,601.681924425675,0.089678510998308,5
"ASV_688","Fungi","Basidiomycota","Tremellomycetes","Tremellales","Bulleribasidiaceae","Vishniacozyma","victoriae",5.69211591925485e-05,2,1441.81929963125,0.00338409475465313,7
"ASV_689","Fungi","Ascomycota","Leotiomycetes","Helotiales","Helotiaceae","Crocicreas","cyathoideum",3.78592238900294e-05,1,0,0.00169204737732657,9
"ASV_692","Fungi","Ascomycota","Eurotiomycetes",NA,NA,NA,NA,6.51225491978579e-05,13,1662.87940105735,0.0219966159052453,11
"ASV_697","Fungi","Ascomycota","Dothideomycetes","Pleosporales","Phaeosphaeriaceae","Phaeosphaeria",NA,5.3548938713632e-05,41,2953.96575190399,0.0693739424703892,5
"ASV_699","Fungi","Basidiomycota","Agaricomycetes","Agaricales","Bolbitiaceae","Panaeolus","papilionaceus",4.88798804261283e-05,3,0,0.0050761421319797,9
"ASV_70","Fungi","Ascomycota","Dothideomycetes","Pleosporales","Phaeosphaeriaceae","Parastagonospora","forlicesenica",0.00278920234391745,9,540.658596060415,0.0152284263959391,7
"ASV_700","Fungi","Ascomycota","Dothideomycetes","Pleosporales",NA,NA,NA,3.13906196465536e-05,43,1119.24975618822,0.0727580372250423,5
"ASV_703","Fungi","Ascomycota","Leotiomycetes","Helotiales","Helotiaceae","Articulospora","proliferata",4.45223573911478e-05,2,384.654628162603,0.00338409475465313,8
"ASV_709","Fungi","Basidiomycota","Agaricomycetes","Agaricales","Psathyrellaceae","Coprinopsis","radiata",5.197773834029e-05,1,0,0.00169204737732657,13
"ASV_714","Fungi","Ascomycota","Arthoniomycetes","Lichenostigmatales","Phaeococcomycetaceae","Phaeococcomyces",NA,2.4218294014933e-06,14,1780.01777667525,0.0236886632825719,11
"ASV_716","Fungi","Basidiomycota","Agaricomycetes","Cantharellales","Cantharellales_fam_Incertae_sedis","Sistotrema",NA,3.24674722310348e-06,8,295.075864692131,0.0135363790186125,2
"ASV_720","Fungi","Basidiomycota","Agaricomycetes","Polyporales","Polyporaceae","Lentinus","arcularius",3.11973637250105e-05,56,8195.78932496246,0.0947546531302876,5
"ASV_721","Fungi","Basidiomycota","Agaricomycetes","Hymenochaetales","Hymenochaetales_fam_Incertae_sedis","Trichaptum","abietinum",1.84550332042957e-05,53,601.681924425675,0.089678510998308,5
"ASV_722","Fungi","Ascomycota","Dothideomycetes","Pleosporales","Didymellaceae","Neoascochyta",NA,7.85242358948122e-05,6,5061.95867327717,0.0101522842639594,10
"ASV_729","Fungi","Ascomycota","Dothideomycetes","Pleosporales",NA,NA,NA,5.66835056759812e-05,2,0,0.00338409475465313,8
"ASV_731","Fungi","Ascomycota","Dothideomycetes","Pleosporales","Pleosporaceae","Alternaria",NA,3.25599660783527e-05,2,1662,0.00338409475465313,10
"ASV_735","Fungi","Basidiomycota","Agaricomycetes",NA,NA,NA,NA,2.36439196578784e-05,1,0,0.00169204737732657,2
"ASV_736","Fungi","Ascomycota","Dothideomycetes","Pleosporales","Leptosphaeriaceae","Ampelomyces","quisqualis",8.83805732102245e-06,3,556,0.0050761421319797,4
"ASV_738","Fungi","Basidiomycota","Agaricostilbomycetes","Agaricostilbales","Chionosphaeraceae",NA,NA,3.03319355158856e-05,5,3829.35123960213,0.00846023688663283,3
"ASV_746","Fungi","Ascomycota","Leotiomycetes","Erysiphales","Erysiphaceae","Erysiphe",NA,8.12021460989013e-06,53,601.681924425675,0.089678510998308,5
"ASV_747","Fungi","Ascomycota","Orbiliomycetes","Orbiliales","Orbiliaceae","Orbilia",NA,1.96580385385361e-05,2,175.33531719418,0.00338409475465313,3
"ASV_748","Fungi","Ascomycota","Dothideomycetes","Pleosporales","Phaeosphaeriaceae","Parastagonospora",NA,4.23643145298815e-05,2,28.2343961084906,0.00338409475465313,3
"ASV_750","Fungi","Ascomycota","Dothideomycetes","Pleosporales","Pleosporaceae","Curvularia","inaequalis",2.96287351772469e-05,10,1407.29481674848,0.0169204737732657,10
"ASV_751","Fungi","Ascomycota","Sordariomycetes","Hypocreales","Nectriaceae","Fusarium","domesticum",4.90776472402397e-05,1,0,0.00169204737732657,11
"ASV_753","Fungi","Ascomycota","Dothideomycetes","Pleosporales","Pleosporaceae",NA,NA,4.70893467188599e-05,11,513.487988681715,0.0186125211505922,11
"ASV_755","Fungi","Ascomycota","Dothideomycetes","Pleosporales",NA,NA,NA,8.10139298388987e-06,11,513.487988681715,0.0186125211505922,11
"ASV_756","Fungi","Ascomycota","Dothideomycetes","Pleosporales","Coniothyriaceae","Coniothyrium","crepinianum",1.21011901520515e-05,7,293.339750216539,0.011844331641286,4
"ASV_757","Fungi","Basidiomycota","Agaricomycetes",NA,NA,NA,NA,2.39114892314608e-05,16,4093.8263131606,0.027072758037225,2
"ASV_759","Fungi","Ascomycota","Dothideomycetes","Pleosporales","Pleosporaceae","Comoclathris","lini",7.32332888343273e-05,10,1407.29481674848,0.0169204737732657,10
"ASV_761","Fungi","Basidiomycota","Tremellomycetes","Tremellales","Bulleribasidiaceae","Dioszegia",NA,1.25728655124721e-05,7,1356.52680840747,0.011844331641286,14
"ASV_762","Fungi","Ascomycota","Dothideomycetes","Pleosporales","Lophiostomataceae","Sigarispora","coronillae",3.70801355625222e-05,4,482.530280297199,0.00676818950930626,8
"ASV_764","Fungi","Ascomycota","Sordariomycetes","Glomerellales","Plectosphaerellaceae","Lectera","capsici",1.61394617472703e-05,6,2271.00681755814,0.0101522842639594,11
"ASV_768","Fungi","Basidiomycota",NA,NA,NA,NA,NA,4.49174897796669e-06,14,2212.72956277711,0.0236886632825719,10
"ASV_772","Fungi","Ascomycota","Dothideomycetes","Pleosporales","Pleosporaceae","Neocamarosporium","salsolae",1.00065780427856e-05,8,1481.9130945329,0.0135363790186125,10
"ASV_774","Fungi","Ascomycota","Leotiomycetes","Helotiales",NA,NA,NA,4.33459508804073e-05,2,556,0.00338409475465313,4
"ASV_779","Fungi","Basidiomycota","Tremellomycetes","Cystofilobasidiales","Mrakiaceae","Phaffia",NA,1.10730199225774e-05,53,601.681924425675,0.089678510998308,5
"ASV_781","Fungi","Ascomycota","Eurotiomycetes","Chaetothyriales","Trichomeriaceae","Knufia","cryptophialidica",4.98073816182712e-05,2,25.8387425896144,0.00338409475465313,3
"ASV_783","Fungi","Ascomycota","Dothideomycetes","Pleosporales","Pleosporaceae","Alternaria","rosae",4.45967259476804e-05,25,2621.37465212283,0.0423011844331641,3
"ASV_788","Fungi","Basidiomycota","Tremellomycetes","Tremellales","Bulleribasidiaceae","Vishniacozyma","victoriae",6.68950889215206e-05,25,2621.37465212283,0.0423011844331641,3
"ASV_791","Fungi","Basidiomycota","Agaricomycetes","Cantharellales","Ceratobasidiaceae","Ceratobasidium",NA,4.15779456376475e-05,7,3361.9140533635,0.011844331641286,12
"ASV_795","Fungi","Ascomycota","Dothideomycetes","Botryosphaeriales","Planistromellaceae","Ramimonilia","apicalis",4.58331901046143e-06,9,329.437947767075,0.0152284263959391,4
"ASV_797","Fungi","Basidiomycota","Ustilaginomycetes","Ustilaginales","Ustilaginaceae","Ustilago","sporoboli-indici",4.09591520996707e-05,14,3123.70607154908,0.0236886632825719,4
"ASV_8","Fungi","Ascomycota","Dothideomycetes","Pleosporales","Didymellaceae","Neoascochyta",NA,0.0608510184268105,1,0,0.00169204737732657,6
"ASV_800","Fungi","Basidiomycota","Tremellomycetes","Tremellales","Bulleribasidiaceae","Dioszegia","fristingensis",4.4448389414125e-05,8,12103.8923101373,0.0135363790186125,7
"ASV_801","Fungi","Basidiomycota","Agaricomycetes","Polyporales","Irpicaceae","Ceriporia","alachuana",2.66888718080109e-06,12,639.947692000816,0.0203045685279188,2
"ASV_802","Fungi","Ascomycota","Leotiomycetes","Helotiales","Helotiaceae","Crocicreas","cyathoideum",3.26926296952129e-05,2,406.388634036205,0.00338409475465313,3
"ASV_807","Fungi","Basidiomycota","Agaricomycetes","Corticiales","Corticiaceae","Marchandiobasidium",NA,2.96771130104463e-06,19,678.000443953864,0.0321489001692047,9
"ASV_808","Fungi","Ascomycota","Dothideomycetes","Pleosporales",NA,NA,NA,7.70200926166614e-05,4,26.90238132842,0.00676818950930626,10
"ASV_809","Fungi","Basidiomycota","Agaricomycetes","Cantharellales","Ceratobasidiaceae",NA,NA,1.32841606841449e-06,16,4093.8263131606,0.027072758037225,2
"ASV_81","Fungi","Ascomycota","Sordariomycetes","Hypocreales","Nectriaceae","Gibberella","intricans",0.00138227250739031,1,0,0.00169204737732657,6
"ASV_815","Fungi","Ascomycota","Dothideomycetes","Pleosporales","Phaeosphaeriaceae","Ophiobolopsis","italica",1.99729546729538e-05,1,0,0.00169204737732657,11
"ASV_825","Fungi","Basidiomycota","Tremellomycetes","Tremellales","Bulleribasidiaceae","Vishniacozyma","carnescens",8.6647604193744e-05,4,26.90238132842,0.00676818950930626,10
"ASV_826","Fungi","Ascomycota","Dothideomycetes","Pleosporales",NA,NA,NA,2.35504665431463e-05,4,170.613842565322,0.00676818950930626,11
"ASV_827","Fungi","Ascomycota","Dothideomycetes","Pleosporales","Pleosporaceae","Alternaria",NA,7.31513404983146e-05,14,2212.72956277711,0.0236886632825719,10
"ASV_830","Fungi","Ascomycota","Dothideomycetes",NA,NA,NA,NA,9.64100601672937e-06,7,247.778726893476,0.011844331641286,10
"ASV_834","Fungi","Basidiomycota","Agaricomycetes",NA,NA,NA,NA,1.28207989107329e-05,17,1867.17328199333,0.0287648054145516,3
"ASV_837","Fungi","Ascomycota","Dothideomycetes","Pleosporales","Phaeosphaeriaceae",NA,NA,3.5568648456771e-05,2,771.251121203903,0.00338409475465313,6
"ASV_838","Fungi","Ascomycota","Dothideomycetes","Capnodiales",NA,NA,NA,2.47787651823813e-05,15,2105.80101547563,0.0253807106598985,11
"ASV_84","Fungi","Ascomycota","Dothideomycetes","Pleosporales","Phaeosphaeriaceae","Dematiopleospora","rosicola",0.00137899252136718,7,401.332975887544,0.011844331641286,7
"ASV_840","Fungi","Ascomycota","Leotiomycetes","Helotiales","Helotiaceae","Articulospora","proliferata",3.17931328219447e-05,4,1571.99523608585,0.00676818950930626,9
"ASV_843","Fungi","Ascomycota","Dothideomycetes","Pleosporales","Pleosporaceae","Johnalcornia","aberrans",2.00636981945143e-05,16,2932.2126821925,0.027072758037225,4
"ASV_845","Fungi","Basidiomycota","Agaricomycetes","Corticiales","Corticiaceae",NA,NA,4.36143256419866e-05,15,4012.08404736501,0.0253807106598985,11
"ASV_846","Fungi","Ascomycota","Dothideomycetes","Capnodiales",NA,NA,NA,3.77106095698322e-05,2,0,0.00338409475465313,9
"ASV_85","Fungi","Ascomycota","Dothideomycetes","Pleosporales","Phaeosphaeriaceae",NA,NA,0.0019894955199407,10,697.168472043031,0.0169204737732657,7
"ASV_850","Fungi","Ascomycota","Saccharomycetes","Saccharomycetales","Saccharomycetales_fam_Incertae_sedis","Candida","parapsilosis",6.12393104030205e-06,6,1866.22192728857,0.0101522842639594,12
"ASV_853","Fungi","Basidiomycota","Agaricomycetes",NA,NA,NA,NA,1.14681282796159e-05,9,152.886644586226,0.0152284263959391,4
"ASV_854","Fungi","Ascomycota","Dothideomycetes","Pleosporales","Leptosphaeriaceae","Leptosphaeria","maculans",6.64611012667244e-06,15,1374.0162209975,0.0253807106598985,11
"ASV_857","Fungi","Ascomycota","Dothideomycetes","Pleosporales","Amniculicolaceae","Murispora","cicognanii",9.71891297261138e-05,3,556,0.0050761421319797,3
"ASV_859","Fungi","Basidiomycota","Ustilaginomycetes","Ustilaginales","Ustilaginaceae","Ustilago","nunavutica",1.25671054720451e-05,21,5853.62257233428,0.0355329949238579,3
"ASV_860","Fungi","Basidiomycota","Agaricomycetes","Agaricales","Psathyrellaceae","Coprinellus","congregatus",4.78835112730792e-06,12,1177.345265246,0.0203045685279188,11
"ASV_862","Fungi","Basidiomycota","Agaricomycetes",NA,NA,NA,NA,2.08409385951997e-05,7,293.339750216539,0.011844331641286,4
"ASV_864","Fungi","Basidiomycota","Agaricomycetes","Agaricales","Psathyrellaceae","Coprinopsis","nivea",6.25331975100149e-05,5,4988.70953091585,0.00846023688663283,3
"ASV_866","Fungi","Basidiomycota","Tremellomycetes","Tremellales","Rhynchogastremataceae","Papiliotrema",NA,2.056402994553e-05,1,0,0.00169204737732657,28
"ASV_868","Fungi","Basidiomycota","Agaricomycetes","Corticiales","Corticiaceae",NA,NA,1.25494225789211e-05,53,601.681924425675,0.089678510998308,5
"ASV_869","Fungi","Basidiomycota","Agaricomycetes","Polyporales","Polyporaceae","Dichomitus","squalens",1.62810426144538e-05,6,1690.93090505466,0.0101522842639594,8
"ASV_87","Fungi","Ascomycota","Dothideomycetes","Pleosporales","Phaeosphaeriaceae","Ophiobolopsis","italica",0.0010381985727466,6,38.9903121128623,0.0101522842639594,7
"ASV_870","Fungi","Basidiomycota","Agaricomycetes","Hymenochaetales","Hymenochaetales_fam_Incertae_sedis","Resinicium","bicolor",5.16740929720281e-06,53,601.681924425675,0.089678510998308,5
"ASV_872","Fungi","Ascomycota","Dothideomycetes","Pleosporales","Pleosporaceae","Alternaria","molesta",1.85867077752619e-05,12,5207.82688127261,0.0203045685279188,10
"ASV_873","Fungi","Basidiomycota","Agaricomycetes","Agaricales","Omphalotaceae","Gymnopus","earleae",7.13610564550292e-06,14,855.185618581099,0.0236886632825719,14
"ASV_874","Fungi","Basidiomycota","Agaricomycetes","Agaricales","Psathyrellaceae","Coprinellus","brevisetulosus",3.26317506934247e-06,25,2621.37465212283,0.0423011844331641,3
"ASV_875","Fungi","Ascomycota","Dothideomycetes","Pleosporales","Phaeosphaeriaceae",NA,NA,4.45281972700223e-05,4,1111,0.00676818950930626,6
"ASV_876","Fungi","Basidiomycota","Agaricomycetes","Cantharellales","Ceratobasidiaceae","Ceratobasidium",NA,2.13064223286896e-05,1,0,0.00169204737732657,4
"ASV_88","Fungi","Basidiomycota","Ustilaginomycetes","Ustilaginales","Ustilaginaceae","Sporisorium","graminicola",0.00192068289298165,8,295.075864692131,0.0135363790186125,2
"ASV_881","Fungi","Ascomycota","Dothideomycetes","Pleosporales","Phaeosphaeriaceae","Phaeosphaeria",NA,1.94002435890224e-05,2,103.488850189771,0.00338409475465313,2
"ASV_882","Fungi","Ascomycota","Dothideomycetes","Pleosporales",NA,NA,NA,5.202539993585e-05,3,609.463034706908,0.0050761421319797,14
"ASV_888","Fungi","Basidiomycota","Malasseziomycetes","Malasseziales","Malasseziaceae","Malassezia","globosa",9.59661726623379e-06,53,601.681924425675,0.089678510998308,5
"ASV_889","Fungi","Ascomycota","Dothideomycetes",NA,NA,NA,NA,1.14061014087961e-05,9,554.849724651004,0.0152284263959391,3
"ASV_895","Fungi","Basidiomycota","Agaricomycetes","Cantharellales","Ceratobasidiaceae","Ceratorhiza",NA,3.17555147694062e-05,5,1329.9882112183,0.00846023688663283,3
"ASV_896","Fungi","Ascomycota","Sordariomycetes","Phomatosporales","Phomatosporaceae","Phomatospora","biseriata",2.05729968170083e-05,3,201.225815805996,0.0050761421319797,3
"ASV_9","Fungi","Basidiomycota","Ustilaginomycetes","Ustilaginales","Ustilaginaceae","Ustilago","hordei",0.00456845248715069,5,152.758294876244,0.00846023688663283,8
"ASV_90","Fungi","Ascomycota","Dothideomycetes","Pleosporales","Didymosphaeriaceae","Paraphaeosphaeria",NA,0.000615661131938198,1,0,0.00169204737732657,27
"ASV_900","Fungi","Ascomycota","Eurotiomycetes","Verrucariales","Verrucariaceae",NA,NA,6.6531984801984e-05,2,0,0.00338409475465313,10
"ASV_905","Fungi","Ascomycota","Dothideomycetes","Pleosporales",NA,NA,NA,1.18906969346881e-05,21,3144.23286919507,0.0355329949238579,9
"ASV_911","Fungi","Basidiomycota","Tremellomycetes","Cystofilobasidiales",NA,NA,NA,3.47134057422708e-05,1,0,0.00169204737732657,17
"ASV_912","Fungi","Ascomycota","Dothideomycetes","Pleosporales","Phaeosphaeriaceae",NA,NA,1.974852707571e-05,3,0,0.0050761421319797,9
"ASV_913","Fungi","Ascomycota","Dothideomycetes","Pleosporales","Coniothyriaceae","Coniothyrium","crepinianum",1.03333969027914e-05,5,271.317793555217,0.00846023688663283,14
"ASV_915","Fungi","Ascomycota","Dothideomycetes","Pleosporales","Sporormiaceae","Sporormiella","megalospora",0.00010162373331365,4,26.90238132842,0.00676818950930626,10
"ASV_92","Fungi","Ascomycota","Dothideomycetes","Capnodiales","Cladosporiaceae","Cladosporium","grevilleae",1.75119381090722e-05,10,2235.75022095772,0.0169204737732657,4
"ASV_923","Fungi","Basidiomycota","Agaricomycetes","Auriculariales",NA,NA,NA,1.97427542176249e-05,3,569.357747295656,0.0050761421319797,3
"ASV_924","Fungi","Basidiomycota","Agaricomycetes","Cantharellales","Ceratobasidiaceae",NA,NA,7.20968879509543e-06,16,2493.01723173566,0.027072758037225,3
"ASV_925","Fungi","Basidiomycota","Agaricomycetes","Agaricales","Tricholomataceae","Lepista","sordida",9.59661726623379e-06,53,601.681924425675,0.089678510998308,5
"ASV_927","Fungi","Basidiomycota","Agaricomycetes","Russulales","Peniophoraceae","Peniophora",NA,5.67857875870634e-06,10,3494.48462058557,0.0169204737732657,9
"ASV_930","Fungi","Ascomycota","Dothideomycetes","Pleosporales","Pleosporaceae","Alternaria","obclavata",3.18549710111024e-05,4,798.041036484364,0.00676818950930626,2
"ASV_934","Fungi","Ascomycota","Dothideomycetes","Pleosporales","Dictyosporiaceae","Dictyosporium","heptasporum",1.59992092359343e-05,1,0,0.00169204737732657,15
"ASV_936","Fungi","Ascomycota","Arthoniomycetes","Lichenostigmatales","Phaeococcomycetaceae","Phaeococcomyces","mexicanus",6.15858368212154e-05,43,1353.98289461426,0.0727580372250423,5
"ASV_938","Fungi","Ascomycota","Dothideomycetes","Capnodiales","Neodevriesiaceae","Neodevriesia","capensis",1.42340649642725e-05,12,639.947692000816,0.0203045685279188,2
"ASV_944","Fungi","Ascomycota","Dothideomycetes","Pleosporales",NA,NA,NA,4.10889518211665e-05,2,556,0.00338409475465313,15
"ASV_950","Fungi","Ascomycota","Sordariomycetes","Hypocreales","Hypocreales_fam_Incertae_sedis","Trichothecium","roseum",6.17137453633104e-06,13,683.8976273139,0.0219966159052453,14
"ASV_952","Fungi","Basidiomycota","Tremellomycetes","Tremellales","Bulleribasidiaceae","Vishniacozyma","tephrensis",5.347205512205e-06,9,329.437947767075,0.0152284263959391,4
"ASV_955","Fungi","Basidiomycota","Tremellomycetes","Tremellales","Bulleribasidiaceae","Dioszegia",NA,2.22484754232216e-06,7,247.778726893476,0.011844331641286,10
"ASV_961","Fungi","Ascomycota","Leotiomycetes","Helotiales",NA,NA,NA,1.96708661357855e-05,1,0,0.00169204737732657,14
"ASV_963","Fungi","Ascomycota","Leotiomycetes","Helotiales","Hyaloscyphaceae","Gyoerffyella",NA,1.35376559771139e-05,4,2258.42317873085,0.00676818950930626,3
"ASV_969","Fungi","Ascomycota","Dothideomycetes","Capnodiales","Mycosphaerellaceae",NA,NA,2.54968611143456e-05,2,556,0.00338409475465313,12
"ASV_970","Fungi","Basidiomycota","Tremellomycetes","Tremellales","Bulleribasidiaceae","Dioszegia",NA,5.77628152252101e-05,1,0,0.00169204737732657,6
"ASV_974","Fungi","Ascomycota","Dothideomycetes","Pleosporales","Pleosporaceae","Alternaria","hungarica",4.41650892305623e-05,12,1998.92362806103,0.0203045685279188,4
"ASV_975","Fungi","Basidiomycota","Tremellomycetes","Cystofilobasidiales","Mrakiaceae","Udeniomyces","pyricola",8.59219266507946e-06,10,902.349058908905,0.0169204737732657,9
"ASV_979","Fungi","Basidiomycota","Agaricomycetes","Agaricales","Omphalotaceae","Gymnopus","earleae",1.11425022319974e-05,12,1832.12152516091,0.0203045685279188,4
"ASV_984","Fungi","Ascomycota","Dothideomycetes","Pleosporales","Phaeosphaeriaceae","Parastagonospora","forlicesenica",6.52034560512392e-05,19,1989.28616878097,0.0321489001692047,3
"ASV_985","Fungi","Ascomycota","Arthoniomycetes","Lichenostigmatales","Phaeococcomycetaceae","Phaeococcomyces",NA,2.89851171997617e-05,3,0,0.0050761421319797,5
"ASV_991","Fungi","Basidiomycota","Agaricomycetes","Cantharellales","Ceratobasidiaceae","Ceratobasidium",NA,4.81649166746942e-05,12,570.934608758688,0.0203045685279188,2
"ASV_993","Fungi","Basidiomycota","Agaricomycetes","Hymenochaetales","Hymenochaetales_fam_Incertae_sedis","Trichaptum","biforme",9.59661726623379e-06,53,601.681924425675,0.089678510998308,5
"ASV_995","Fungi","Basidiomycota","Agaricomycetes",NA,NA,NA,NA,2.45307691001605e-05,1,0,0.00169204737732657,2
"ASV_997","Fungi","Ascomycota","Dothideomycetes","Pleosporales","Pleosporaceae","Comoclathris",NA,1.10167799329354e-05,5,370.069149760945,0.00846023688663283,2
